loan_id,account_id,date_loan,amount,duration,payments,status,district_id_account,frequency,date_account,days_between,transaction_count,max_amount,min_amount,finalBalance,deltaBalance,creditCount,withdrawalCount,amount_std,balance_std,amount_mean,balance_mean,credit_std,credit_mean,withdrawal_std,withdrawal_mean,disp_id,client_id,num_users,card_type,birth_number,district_id_client,owner_age,owner_sex,district_id,district_name,region,inhabitants,municipalities_499,municipalities_500-199,municipalities_2000-9999,municipalities_10000,num_cities,ratio_urban_inhabitants,avg_salary,unemployment_95,unemployment_96,enterpreneurs,crime_95,crime_96,average_crime,average_unemployment
5314,1787,1993-07-05,96396,12,8033,unsuccessful,30,2,1993-03-22,105,4.0,9900.0,1100.0,20100.0,13200.0,4.0,0.0,3774.81,8330.87,5025.0,12250.0,3774.81,5025.0,0.0,0.0,2166,2166,1,0,475722,30,53,1,30,Sokolov,west Bohemia,94812,15,13,8,2,10,81.8,9650,3.38,3.67,100,2985.0,2804,2894.0,3.0
5316,1801,1993-07-11,165960,36,4610,successful,46,0,1993-02-13,148,37.0,54300.0,2.9,52208.9,-10257.0,17.0,18.0,14040.41,29122.06,11015.64,52083.86,13998.09,13523.16,14855.93,9111.27,2181,2181,1,0,680722,46,32,0,46,Nachod,east Bohemia,112709,48,20,7,3,10,73.5,8369,1.79,2.31,117,2854.0,2618,2736.0,2.0
6456,7123,1993-12-09,47016,12,3918,successful,64,1,1993-04-14,239,42.0,51800.0,32.8,58773.2,29162.0,22.0,19.0,13682.97,23888.32,12252.22,60382.09,14937.02,13031.06,12749.68,11706.53,8598,8598,1,0,576231,46,43,1,46,Nachod,east Bohemia,112709,48,20,7,3,10,73.5,8369,1.79,2.31,117,2854.0,2618,2736.0,2.0
7249,11065,1994-06-12,69360,48,1445,successful,11,0,1993-03-19,450,78.0,17782.0,14.6,38665.0,-219200.0,31.0,47.0,5349.45,9598.25,4748.17,33857.11,6641.69,6597.13,3912.75,3528.64,13295,13603,1,0,410728,46,59,0,46,Nachod,east Bohemia,112709,48,20,7,3,10,73.5,8369,1.79,2.31,117,2854.0,2618,2736.0,2.0
6863,9188,1993-07-28,127080,60,2118,successful,45,0,1993-02-08,170,24.0,19065.0,48.6,20272.8,72000.0,15.0,9.0,6209.08,11520.18,5417.46,30060.95,6801.23,5009.73,5390.57,6097.0,11006,11314,1,0,360602,45,64,0,45,Jicin,east Bohemia,77917,85,19,6,1,5,53.5,8390,2.28,2.89,132,2080.0,2122,2101.0,2.0
6668,8129,1994-07-30,74736,36,2076,successful,45,0,1993-06-26,399,67.0,30918.0,14.6,33243.7,-153000.0,26.0,41.0,8752.22,10605.69,8191.96,37913.0,11537.57,11194.33,5798.28,6288.02,9735,10043,1,0,651029,45,35,0,45,Jicin,east Bohemia,77917,85,19,6,1,5,53.5,8390,2.28,2.89,132,2080.0,2122,2101.0,2.0
7138,10440,1995-07-03,60000,60,1000,successful,72,0,1993-09-13,658,137.0,11049.0,14.6,16878.6,-598.6,48.0,89.0,2858.43,5853.93,2567.84,24643.28,4081.99,3840.34,1538.96,1881.55,12536,12844,1,0,461015,45,54,0,45,Jicin,east Bohemia,77917,85,19,6,1,5,53.5,8390,2.28,2.89,132,2080.0,2122,2101.0,2.0
5160,1011,1995-12-18,204000,60,3400,successful,45,0,1994-12-17,366,65.0,30604.0,14.6,37992.7,-106275.0,25.0,37.0,8253.16,12656.78,7701.99,37809.4,11437.71,10772.44,4708.18,5526.55,1215,1215,1,0,440506,45,56,0,45,Jicin,east Bohemia,77917,85,19,6,1,5,53.5,8390,2.28,2.89,132,2080.0,2122,2101.0,2.0
5325,1843,1993-08-03,105804,36,2939,successful,12,0,1993-01-30,185,25.0,26448.0,14.6,34307.3,178.1,13.0,12.0,7773.34,14151.26,8253.08,41297.48,9818.59,9254.6,4919.1,7168.1,2235,2235,1,0,405420,14,60,1,14,Ceske Budejovice,south Bohemia,177686,69,27,10,1,9,74.8,10045,1.42,1.71,135,6604.0,6295,6450.0,1.0
5997,4894,1993-11-04,117024,24,4876,successful,14,0,1993-06-20,137,13.0,29255.0,45.1,53193.5,1041.5,9.0,4.0,13516.67,19844.25,14122.58,44131.17,15275.43,13154.83,9971.63,16300.0,5911,5911,1,0,351003,14,65,0,14,Ceske Budejovice,south Bohemia,177686,69,27,10,1,9,74.8,10045,1.42,1.71,135,6604.0,6295,6450.0,1.0
6734,8547,1996-05-30,173016,36,4806,successful,14,2,1995-07-17,318,94.0,62700.0,30.0,113931.6,0.0,47.0,42.0,15523.36,26512.88,13519.83,61799.24,15903.92,14459.53,15962.29,13224.76,10235,10543,1,0,455223,14,55,1,14,Ceske Budejovice,south Bohemia,177686,69,27,10,1,9,74.8,10045,1.42,1.71,135,6604.0,6295,6450.0,1.0
5611,3115,1996-11-15,321180,60,5353,successful,14,0,1996-03-27,233,38.0,48180.0,14.6,51906.5,-128480.0,17.0,18.0,13787.85,21716.75,13585.03,40524.46,17754.49,16276.9,10079.45,11751.99,3767,3767,2,0,360907,14,64,0,14,Ceske Budejovice,south Bohemia,177686,69,27,10,1,9,74.8,10045,1.42,1.71,135,6604.0,6295,6450.0,1.0
7101,10297,1996-11-18,421008,48,8771,successful,14,0,1996-01-19,304,50.0,31540.0,14.6,31168.0,-28800.0,22.0,28.0,8470.09,12359.21,8521.96,37436.42,11170.54,10392.41,5296.86,7052.32,12354,12662,1,0,530601,14,47,0,14,Ceske Budejovice,south Bohemia,177686,69,27,10,1,9,74.8,10045,1.42,1.71,135,6604.0,6295,6450.0,1.0
7240,11013,1993-09-06,274740,60,4579,successful,1,2,1993-02-14,204,27.0,63366.0,30.0,41112.9,-30.0,13.0,14.0,19355.22,25256.67,18945.97,57188.21,24264.23,21255.93,13981.92,16801.0,13231,13539,1,0,780907,63,22,0,63,Vyskov,south Moravia,86513,38,36,5,1,5,50.5,8288,3.79,4.52,110,1562.0,1460,1511.0,4.0
5523,2705,1993-12-08,93888,36,2608,successful,63,1,1993-07-05,156,19.0,15649.0,48.0,34716.3,60000.0,12.0,7.0,6970.3,14598.87,7121.92,37510.49,7697.68,7084.7,6092.19,7185.71,3264,3264,1,0,506020,63,50,1,63,Vyskov,south Moravia,86513,38,36,5,1,5,50.5,8288,3.79,4.52,110,1562.0,1460,1511.0,4.0
5657,3354,1994-07-05,4980,12,415,successful,63,0,1993-11-05,242,46.0,16000.0,14.6,22500.3,-6400.0,19.0,27.0,4852.87,8705.18,3932.5,30533.37,5855.28,5352.52,3809.78,2933.24,4056,4056,1,0,525726,63,48,1,63,Vyskov,south Moravia,86513,38,36,5,1,5,50.5,8288,3.79,4.52,110,1562.0,1460,1511.0,4.0
6526,7523,1995-01-03,288468,36,8013,successful,63,0,1994-08-29,127,17.0,30950.0,6.4,48840.6,1928.3,14.0,3.0,10797.21,16205.72,8402.38,36999.52,11034.9,6845.75,6709.94,15666.67,9008,9316,1,0,586026,63,42,1,63,Vyskov,south Moravia,86513,38,36,5,1,5,50.5,8288,3.79,4.52,110,1562.0,1460,1511.0,4.0
6687,8261,1993-09-13,87840,24,3660,successful,13,0,1993-05-12,124,17.0,32938.0,51.3,43847.8,242000.0,14.0,3.0,11685.31,20670.98,9496.93,46318.55,11713.86,7331.99,3815.76,19600.0,9892,10200,2,0,805216,13,20,1,13,Rakovnik,central Bohemia,53921,61,22,1,1,2,41.3,8598,2.77,3.26,123,1597.0,1875,1736.0,3.0
7226,10940,1994-02-23,197748,36,5493,successful,50,0,1993-09-13,163,16.0,36216.0,68.3,43294.5,34200.0,11.0,5.0,12674.32,19635.36,14293.41,44735.43,14026.73,12363.15,8816.63,18540.0,13139,13447,2,0,705505,13,30,1,13,Rakovnik,central Bohemia,53921,61,22,1,1,2,41.3,8598,2.77,3.26,123,1597.0,1875,1736.0,3.0
6027,5066,1996-02-10,61656,24,2569,unsuccessful,13,2,1995-08-27,167,12.0,47337.0,36.9,59695.5,91200.0,9.0,3.0,17032.1,24849.15,16007.96,44763.46,18998.68,13988.39,8848.35,22066.67,6115,6115,1,0,536225,13,47,1,13,Rakovnik,central Bohemia,53921,61,22,1,1,2,41.3,8598,2.77,3.26,123,1597.0,1875,1736.0,3.0
6137,5574,1996-04-10,44628,12,3719,successful,13,2,1994-07-14,636,146.0,71565.0,30.0,80439.7,-2862600.0,43.0,91.0,17918.63,22661.88,14238.08,49477.32,26383.35,25106.97,10248.17,9460.75,6731,6731,1,0,431126,13,57,0,13,Rakovnik,central Bohemia,53921,61,22,1,1,2,41.3,8598,2.77,3.26,123,1597.0,1875,1736.0,3.0
5082,501,1996-10-24,262980,60,4383,successful,13,0,1995-10-21,369,56.0,44022.0,14.6,76081.3,-347552.0,24.0,32.0,10995.41,16330.17,7310.24,41729.62,14843.82,10113.64,6354.0,5207.69,603,603,1,0,665309,13,34,1,13,Rakovnik,central Bohemia,53921,61,22,1,1,2,41.3,8598,2.77,3.26,123,1597.0,1875,1736.0,3.0
7284,11265,1993-09-15,52788,12,4399,successful,15,0,1993-01-14,244,43.0,17920.0,14.6,21029.0,-1900.0,21.0,22.0,3862.23,6652.64,3714.9,22198.18,3880.56,4304.04,3848.85,3152.54,13537,13845,1,0,730216,15,27,0,15,Cesky Krumlov,south Bohemia,58796,22,16,7,1,5,51.9,9045,3.13,3.6,124,1845.0,1879,1862.0,3.0
6210,5927,1994-06-06,87216,48,1817,unsuccessful,15,0,1993-11-26,192,33.0,16356.0,14.6,21579.1,1141.2,21.0,11.0,4832.34,8425.33,4041.38,28362.25,5452.6,3691.82,3781.13,4793.56,7166,7166,1,0,640513,15,36,0,15,Cesky Krumlov,south Bohemia,58796,22,16,7,1,5,51.9,9045,3.13,3.6,124,1845.0,1879,1862.0,3.0
5980,4825,1995-08-18,21396,12,1783,successful,15,0,1994-06-04,440,78.0,16048.0,14.6,24782.0,-140750.0,34.0,38.0,4837.27,7990.97,4644.44,30812.95,5807.16,5691.89,3052.87,2988.05,5826,5826,2,0,680909,15,32,0,15,Cesky Krumlov,south Bohemia,58796,22,16,7,1,5,51.9,9045,3.13,3.6,124,1845.0,1879,1862.0,3.0
6144,5593,1996-08-09,44376,12,3698,successful,15,0,1996-02-27,164,39.0,54100.0,14.6,68241.5,-43389.0,18.0,16.0,15195.7,28278.25,15332.39,53505.22,17332.38,18505.68,14474.56,11914.99,6753,6753,1,0,620523,15,38,0,15,Cesky Krumlov,south Bohemia,58796,22,16,7,1,5,51.9,9045,3.13,3.6,124,1845.0,1879,1862.0,3.0
6111,5428,1993-09-24,174744,24,7281,unsuccessful,24,0,1993-04-14,163,32.0,52600.0,14.6,58140.9,0.0,16.0,14.0,14867.8,28302.65,11557.95,37485.46,16348.36,13374.85,14392.46,10260.27,6551,6551,1,0,485812,24,52,1,24,Karlovy Vary,west Bohemia,122603,25,21,6,2,8,80.0,8991,1.39,2.01,128,5198.0,5273,5236.0,1.0
6650,8073,1994-02-17,49320,12,4110,unsuccessful,24,1,1993-09-03,167,49.0,62700.0,100.0,15673.6,-173505.0,17.0,30.0,14102.35,24439.88,10548.36,46576.28,16806.34,15663.04,12234.38,7823.67,9665,9973,1,0,456003,24,55,1,24,Karlovy Vary,west Bohemia,122603,25,21,6,2,8,80.0,8991,1.39,2.01,128,5198.0,5273,5236.0,1.0
7034,10001,1996-07-11,19044,36,529,successful,24,0,1995-05-28,410,69.0,24126.0,14.2,50167.6,-176924.0,29.0,40.0,7968.7,10532.78,6600.44,43121.76,9237.94,8717.21,6610.72,5065.79,11995,12303,1,0,745405,24,26,1,24,Karlovy Vary,west Bohemia,122603,25,21,6,2,8,80.0,8991,1.39,2.01,128,5198.0,5273,5236.0,1.0
5897,4476,1996-09-25,15192,24,633,successful,24,0,1994-11-10,685,169.0,21513.0,14.6,17351.9,-306000.0,47.0,122.0,5307.35,7237.18,4099.69,29941.91,7944.4,7555.32,2947.96,2768.43,5399,5399,1,0,726227,24,28,1,24,Karlovy Vary,west Bohemia,122603,25,21,6,2,8,80.0,8991,1.39,2.01,128,5198.0,5273,5236.0,1.0
7235,10973,1993-10-13,154416,48,3217,successful,18,2,1993-04-20,176,32.0,39098.0,13.6,53402.7,0.0,16.0,14.0,10535.16,20286.97,9740.15,46715.8,13212.04,11408.99,7139.49,7287.14,13182,13490,1,0,695525,18,31,1,18,Pisek,south Bohemia,70699,60,13,2,1,4,65.3,8968,2.83,3.35,131,1740.0,1910,1825.0,3.0
7121,10364,1993-11-10,21924,36,609,successful,55,0,1993-01-17,297,45.0,21739.5,14.6,49083.3,-43479.0,21.0,24.0,6350.49,10171.03,5957.54,34272.21,7695.53,7551.74,4615.54,4562.63,12446,12754,2,0,600820,55,40,0,55,Brno - venkov,south Moravia,157042,49,70,18,0,9,33.9,8743,1.88,2.43,111,3659.0,3894,3776.0,2.0
6064,5215,1994-08-04,14628,12,1219,successful,55,0,1993-07-01,399,102.0,23230.5,2.0,34902.8,-642.4,29.0,73.0,5817.93,9015.77,4093.04,32788.14,8444.55,7799.87,3466.54,2620.46,6301,6301,1,0,495308,55,51,1,55,Brno - venkov,south Moravia,157042,49,70,18,0,9,33.9,8743,1.88,2.43,111,3659.0,3894,3776.0,2.0
7061,10105,1994-08-27,121896,24,5079,successful,55,0,1993-04-28,486,93.0,64900.0,14.6,41917.2,-232500.0,39.0,47.0,14728.3,21910.83,13230.34,54422.6,17543.16,16312.04,12613.68,10615.56,12124,12432,1,0,650307,55,35,0,55,Brno - venkov,south Moravia,157042,49,70,18,0,9,33.9,8743,1.88,2.43,111,3659.0,3894,3776.0,2.0
6624,7965,1994-09-30,71460,12,5955,successful,55,0,1993-11-08,326,43.0,48487.0,14.6,82549.0,-88581.0,20.0,22.0,11419.53,19235.73,10433.44,47991.53,15213.68,13133.98,6177.36,8187.75,9536,9844,2,0,450803,55,55,0,55,Brno - venkov,south Moravia,157042,49,70,18,0,9,33.9,8743,1.88,2.43,111,3659.0,3894,3776.0,2.0
6460,7133,1994-11-06,48672,36,1352,successful,1,0,1993-09-17,415,97.0,12100.0,14.6,23124.6,-2900.0,34.0,63.0,2134.86,5423.59,1577.49,23050.19,2789.95,2590.1,1431.16,1031.01,8610,8610,2,0,485502,55,52,1,55,Brno - venkov,south Moravia,157042,49,70,18,0,9,33.9,8743,1.88,2.43,111,3659.0,3894,3776.0,2.0
7154,10520,1996-12-05,417600,60,6960,successful,55,1,1995-10-24,408,34.0,36305.0,100.0,58638.6,36000.0,21.0,13.0,12246.06,18631.36,8159.97,43196.74,13671.52,8001.86,10038.66,8415.38,12635,12943,1,3,701012,55,30,0,55,Brno - venkov,south Moravia,157042,49,70,18,0,9,33.9,8743,1.88,2.43,111,3659.0,3894,3776.0,2.0
6077,5270,1993-11-22,79608,24,3317,successful,44,0,1993-01-13,313,53.0,67124.0,14.6,103745.7,-27900.0,22.0,28.0,19189.33,24870.23,17600.36,69954.57,24223.2,23558.29,14048.02,12885.27,6367,6367,1,0,700428,44,30,0,44,Chrudim,east Bohemia,105606,77,26,7,2,7,53.0,8254,2.79,3.76,97,2166.0,2325,2246.0,3.0
6103,5385,1994-04-07,149340,60,2489,successful,44,2,1993-05-21,321,56.0,22404.0,30.0,23538.3,-300.0,23.0,32.0,6217.8,10432.34,5778.79,29069.12,8313.87,7546.75,3929.44,4615.75,6499,6499,1,0,630201,44,37,0,44,Chrudim,east Bohemia,105606,77,26,7,2,7,53.0,8254,2.79,3.76,97,2166.0,2325,2246.0,3.0
7227,10942,1995-10-02,314520,60,5242,successful,44,2,1994-06-05,484,130.0,56700.0,30.0,50487.0,-540.0,56.0,72.0,15591.94,28698.38,15168.36,63527.42,16897.74,18056.91,14398.98,12927.14,13143,13451,1,0,556118,44,45,1,44,Chrudim,east Bohemia,105606,77,26,7,2,7,53.0,8254,2.79,3.76,97,2166.0,2325,2246.0,3.0
5593,3037,1996-04-18,277884,36,7719,unsuccessful,44,0,1994-05-26,693,117.0,53200.0,14.6,11614.0,-200000.0,46.0,70.0,12841.88,28041.88,10720.31,46487.0,16057.74,13759.67,9945.92,8764.56,3670,3670,1,0,805917,44,20,1,44,Chrudim,east Bohemia,105606,77,26,7,2,7,53.0,8254,2.79,3.76,97,2166.0,2325,2246.0,3.0
6228,6034,1993-12-01,464520,60,7742,unsuccessful,6,2,1993-03-19,257,68.0,47757.0,30.0,121570.3,-180.0,31.0,28.0,12806.2,27848.69,13335.8,51760.02,15297.9,16035.56,10617.64,10339.64,7291,7291,1,0,406202,77,60,1,77,Vsetin,north Moravia,148545,8,35,12,3,4,53.5,8909,4.01,5.56,113,3460.0,3590,3525.0,4.0
6696,8321,1994-05-09,89040,60,1484,successful,77,0,1993-04-12,392,87.0,15843.0,14.6,29305.8,800.0,44.0,43.0,4366.93,8832.08,3441.2,30045.4,5249.8,3735.12,3263.21,3140.45,9967,10275,2,0,705125,77,30,1,77,Vsetin,north Moravia,148545,8,35,12,3,4,53.5,8909,4.01,5.56,113,3460.0,3590,3525.0,4.0
6066,5228,1994-07-11,173808,24,7242,successful,77,1,1993-06-23,383,75.0,74522.0,43.3,94431.9,-1142663.0,26.0,42.0,19855.04,24967.39,17396.59,61218.66,27882.02,26907.23,11826.82,12873.81,6317,6317,2,0,575127,77,43,1,77,Vsetin,north Moravia,148545,8,35,12,3,4,53.5,8909,4.01,5.56,113,3460.0,3590,3525.0,4.0
5586,2994,1996-09-14,48744,36,1354,successful,77,0,1996-05-03,134,14.0,28603.5,53.7,62891.3,152552.0,11.0,3.0,9894.08,19512.79,11392.24,42930.21,10824.8,10108.3,2847.81,16100.0,3616,3616,1,0,645414,77,36,1,77,Vsetin,north Moravia,148545,8,35,12,3,4,53.5,8909,4.01,5.56,113,3460.0,3590,3525.0,4.0
6356,6701,1993-12-08,95400,36,2650,successful,49,2,1993-03-15,268,47.0,35760.0,23.6,27697.0,-405.0,22.0,23.0,12370.93,23576.74,10370.7,41562.32,13022.73,11706.59,12312.46,8873.04,8091,8091,1,0,710210,5,29,0,5,Kolin,central Bohemia,95616,65,30,4,1,6,51.4,9307,3.85,4.43,118,2616.0,3040,2828.0,4.0
6112,5442,1994-06-17,174744,24,7281,unsuccessful,34,0,1993-03-22,452,118.0,46739.0,0.2,6930.8,-348600.0,38.0,78.0,10210.53,23430.52,7375.63,26252.81,13739.95,11542.83,6994.28,5007.23,6567,6567,1,0,786121,5,22,1,5,Kolin,central Bohemia,95616,65,30,4,1,6,51.4,9307,3.85,4.43,118,2616.0,3040,2828.0,4.0
5132,817,1995-02-17,538500,60,8975,successful,5,0,1994-03-18,336,58.0,32082.0,14.6,23271.0,-64470.0,22.0,36.0,9031.13,13408.02,8499.93,33687.86,12241.57,11733.35,5685.7,6523.96,981,981,1,0,600628,5,40,0,5,Kolin,central Bohemia,95616,65,30,4,1,6,51.4,9307,3.85,4.43,118,2616.0,3040,2828.0,4.0
6153,5632,1995-07-25,285600,60,4760,successful,5,2,1994-11-15,252,49.0,42729.0,30.0,28194.4,-4200.0,24.0,18.0,11677.22,26473.42,10411.72,49651.89,13346.72,11216.01,10544.19,7887.78,6803,6803,2,0,806207,5,20,1,5,Kolin,central Bohemia,95616,65,30,4,1,6,51.4,9307,3.85,4.43,118,2616.0,3040,2828.0,4.0
6471,7184,1996-08-04,155640,24,6485,successful,5,0,1995-06-19,412,105.0,34486.0,14.6,40509.2,-9582.9,27.0,78.0,8412.57,13513.47,5793.88,45183.35,12853.29,12015.78,4640.04,3640.15,8670,8670,1,0,435107,5,57,1,5,Kolin,central Bohemia,95616,65,30,4,1,6,51.4,9307,3.85,4.43,118,2616.0,3040,2828.0,4.0
7104,10320,1993-12-13,259740,60,4329,successful,68,0,1993-07-11,155,17.0,38960.0,75.3,67219.5,37242.0,10.0,7.0,12382.58,19487.24,13038.09,45198.15,15387.51,14443.35,6761.57,11030.57,12387,12695,1,0,790316,68,21,0,68,Frydek - Mistek,north Moravia,228848,15,40,18,2,6,57.2,9893,4.09,4.72,96,5623.0,5887,5755.0,4.0
5319,1811,1994-06-23,239460,60,3991,successful,40,0,1993-09-22,274,46.0,35918.0,14.6,36240.6,-74000.0,18.0,27.0,10538.5,16062.53,9689.68,40061.58,14074.99,13387.94,6849.05,7224.53,2195,2195,1,0,425913,68,58,1,68,Frydek - Mistek,north Moravia,228848,15,40,18,2,6,57.2,9893,4.09,4.72,96,5623.0,5887,5755.0,4.0
6737,8564,1995-03-11,76680,24,3195,successful,68,0,1993-09-12,545,143.0,57554.0,14.6,27191.2,-202871.0,53.0,82.0,13960.81,21005.68,9877.5,62933.47,19987.89,13581.84,8102.64,7331.45,10255,10563,2,0,490107,68,51,0,68,Frydek - Mistek,north Moravia,228848,15,40,18,2,6,57.2,9893,4.09,4.72,96,5623.0,5887,5755.0,4.0
5352,1993,1995-04-15,68400,12,5700,unsuccessful,68,0,1994-10-30,167,14.0,31037.0,66.2,23946.1,590.8,9.0,5.0,9306.83,12297.16,7253.3,31793.74,11183.77,6971.8,5554.55,7760.0,2422,2422,1,0,765609,68,24,1,68,Frydek - Mistek,north Moravia,228848,15,40,18,2,6,57.2,9893,4.09,4.72,96,5623.0,5887,5755.0,4.0
5449,2343,1995-11-04,99336,24,4139,successful,68,0,1994-12-09,330,52.0,16866.0,14.6,30824.1,-58.4,24.0,28.0,4545.71,7892.72,4348.37,27019.57,5837.29,5352.91,2887.77,3487.34,2831,2831,1,0,805709,68,20,1,68,Frydek - Mistek,north Moravia,228848,15,40,18,2,6,57.2,9893,4.09,4.72,96,5623.0,5887,5755.0,4.0
5301,1698,1996-07-06,141948,36,3943,successful,68,0,1996-03-14,114,10.0,28840.0,49.6,47239.7,706.4,7.0,3.0,10820.66,17970.98,8963.98,32592.68,12265.43,9777.11,8237.31,7066.67,2063,2063,1,0,505926,68,50,1,68,Frydek - Mistek,north Moravia,228848,15,40,18,2,6,57.2,9893,4.09,4.72,96,5623.0,5887,5755.0,4.0
6820,9034,1993-12-16,38148,12,3179,successful,1,0,1993-06-28,171,29.0,32706.0,9.9,56840.8,228942.0,18.0,10.0,9759.34,13293.43,8369.56,37462.09,11579.1,8067.86,6519.1,8946.26,10818,11126,1,0,655122,1,35,1,1,Hl.m. Praha,Prague,1204953,0,0,0,1,1,100.0,12541,0.29,0.43,167,85677.0,99107,92392.0,0.0
4959,2,1994-01-05,80952,24,3373,successful,1,0,1993-02-26,313,54.0,30354.0,13.5,27840.6,-146.0,22.0,29.0,8793.27,12061.71,7954.26,32590.62,11457.27,10394.79,5237.65,5276.47,2,2,2,0,450204,1,55,0,1,Hl.m. Praha,Prague,1204953,0,0,0,1,1,100.0,12541,0.29,0.43,167,85677.0,99107,92392.0,0.0
6499,7401,1994-01-05,80952,24,3373,successful,1,0,1993-02-26,313,54.0,30354.0,13.5,28749.1,-146.0,22.0,29.0,8802.0,12270.9,7937.75,33312.54,11456.9,10395.18,5249.36,5245.43,8865,9173,2,0,450204,1,55,0,1,Hl.m. Praha,Prague,1204953,0,0,0,1,1,100.0,12541,0.29,0.43,167,85677.0,99107,92392.0,0.0
5479,2486,1994-01-10,24516,12,2043,successful,1,0,1993-02-27,317,73.0,59200.0,12.5,78656.2,-160.6,31.0,33.0,17640.21,29534.22,16201.56,55582.23,19408.83,20344.68,17569.34,12573.24,3001,3001,1,0,581007,1,42,0,1,Hl.m. Praha,Prague,1204953,0,0,0,1,1,100.0,12541,0.29,0.43,167,85677.0,99107,92392.0,0.0
6678,8173,1994-05-20,80340,12,6695,successful,11,0,1993-07-05,319,52.0,61260.0,14.6,89342.6,-326720.0,22.0,28.0,16870.67,26678.26,15464.4,61531.59,21670.9,20306.62,11775.06,11824.04,9787,10095,2,0,765206,1,24,1,1,Hl.m. Praha,Prague,1204953,0,0,0,1,1,100.0,12541,0.29,0.43,167,85677.0,99107,92392.0,0.0
6736,8558,1994-06-14,288360,60,4806,successful,1,1,1994-02-27,107,10.0,27116.0,8.7,43313.2,105.0,8.0,2.0,10828.03,16686.23,8585.04,33211.76,11968.69,8081.3,6505.38,10600.0,10247,10555,1,0,351215,1,65,0,1,Hl.m. Praha,Prague,1204953,0,0,0,1,1,100.0,12541,0.29,0.43,167,85677.0,99107,92392.0,0.0
7220,10911,1994-07-28,131292,36,3647,successful,1,2,1993-05-29,425,83.0,32823.0,12.1,31361.3,-87500.0,29.0,53.0,8963.53,12494.31,7915.58,36635.12,12564.76,11868.19,5318.9,5803.58,13104,13412,1,0,540320,1,46,0,1,Hl.m. Praha,Prague,1204953,0,0,0,1,1,100.0,12541,0.29,0.43,167,85677.0,99107,92392.0,0.0
6919,9403,1994-08-05,120888,36,3358,successful,1,2,1993-03-27,496,96.0,49200.0,30.0,52014.4,-266400.0,36.0,56.0,12837.17,21557.46,9301.09,40838.76,16118.73,13123.88,9718.88,6544.46,11266,11574,1,0,445420,1,56,1,1,Hl.m. Praha,Prague,1204953,0,0,0,1,1,100.0,12541,0.29,0.43,167,85677.0,99107,92392.0,0.0
6038,5120,1994-08-10,323472,48,6739,successful,1,0,1993-06-21,415,57.0,44802.0,14.6,69179.8,-14.6,28.0,25.0,13186.52,26516.43,12422.02,45414.07,15498.4,13879.19,10677.6,9729.1,6178,6178,1,0,406015,1,60,1,1,Hl.m. Praha,Prague,1204953,0,0,0,1,1,100.0,12541,0.29,0.43,167,85677.0,99107,92392.0,0.0
6120,5481,1994-09-11,209184,48,4358,successful,52,0,1993-08-16,391,68.0,61800.0,14.6,44254.7,-232000.0,26.0,38.0,16124.33,19403.33,14438.21,46230.34,20444.23,19731.79,12294.73,10984.65,6616,6616,1,0,530618,1,47,0,1,Hl.m. Praha,Prague,1204953,0,0,0,1,1,100.0,12541,0.29,0.43,167,85677.0,99107,92392.0,0.0
5882,4427,1994-09-26,87816,12,7318,successful,32,0,1993-06-07,476,84.0,14886.0,14.6,15665.6,-10000.0,41.0,43.0,4042.95,6896.75,4538.9,25533.21,4805.41,4840.65,3183.66,4251.19,5337,5337,2,0,610502,1,39,0,1,Hl.m. Praha,Prague,1204953,0,0,0,1,1,100.0,12541,0.29,0.43,167,85677.0,99107,92392.0,0.0
6229,6040,1994-10-02,11736,24,489,successful,1,0,1993-04-22,528,133.0,33098.0,14.6,26984.4,-134200.0,36.0,97.0,8325.12,11703.04,6032.84,42224.44,12346.09,11518.79,4924.6,3996.82,7299,7299,1,0,380916,1,62,0,1,Hl.m. Praha,Prague,1204953,0,0,0,1,1,100.0,12541,0.29,0.43,167,85677.0,99107,92392.0,0.0
5351,1978,1994-12-04,205200,36,5700,successful,57,2,1993-06-11,541,129.0,51303.0,30.0,54586.0,-706800.0,36.0,91.0,12021.94,17204.07,9244.2,58336.31,18532.39,17320.67,5721.32,5862.98,2403,2403,1,0,635125,1,37,1,1,Hl.m. Praha,Prague,1204953,0,0,0,1,1,100.0,12541,0.29,0.43,167,85677.0,99107,92392.0,0.0
7142,10451,1994-12-19,482940,60,8049,unsuccessful,1,0,1993-08-29,477,130.0,21056.0,7.8,18439.4,-83754.0,56.0,74.0,5196.21,9885.48,4060.68,26358.75,6930.98,4877.93,3258.82,3442.22,12551,12859,1,0,765521,1,24,1,1,Hl.m. Praha,Prague,1204953,0,0,0,1,1,100.0,12541,0.29,0.43,167,85677.0,99107,92392.0,0.0
5576,2962,1994-12-21,31248,12,2604,successful,1,0,1993-05-30,570,120.0,64100.0,14.6,53922.3,-112824.0,51.0,61.0,15374.68,28994.63,13845.46,64493.1,16825.87,16817.43,14648.44,11304.51,3576,3576,1,0,395315,1,61,1,1,Hl.m. Praha,Prague,1204953,0,0,0,1,1,100.0,12541,0.29,0.43,167,85677.0,99107,92392.0,0.0
5739,3747,1995-01-02,76380,12,6365,successful,1,0,1994-05-01,246,45.0,12861.0,14.6,23171.2,-552.5,20.0,25.0,3690.91,8289.78,3571.59,26122.85,4712.43,4596.96,2411.96,2751.3,4520,4520,1,0,575628,1,43,1,1,Hl.m. Praha,Prague,1204953,0,0,0,1,1,100.0,12541,0.29,0.43,167,85677.0,99107,92392.0,0.0
6244,6118,1995-01-08,270648,36,7518,unsuccessful,1,2,1994-03-07,307,72.0,52700.0,30.0,50996.5,0.0,36.0,36.0,15907.7,29717.34,12958.56,60819.98,18160.93,13666.85,13508.82,12250.28,7390,7390,1,0,371104,1,63,0,1,Hl.m. Praha,Prague,1204953,0,0,0,1,1,100.0,12541,0.29,0.43,167,85677.0,99107,92392.0,0.0
6960,9640,1995-01-11,76416,24,3184,successful,1,0,1993-03-13,669,153.0,28659.0,14.6,12262.9,-159393.0,57.0,89.0,7187.34,11990.87,6527.34,31375.16,10002.55,8867.94,4285.4,5037.92,11558,11866,2,0,370902,1,63,0,1,Hl.m. Praha,Prague,1204953,0,0,0,1,1,100.0,12541,0.29,0.43,167,85677.0,99107,92392.0,0.0
5724,3678,1995-02-05,316140,60,5269,unsuccessful,1,0,1993-03-24,683,139.0,13352.0,14.6,12811.8,-277.4,60.0,79.0,3593.34,6901.26,3872.07,18632.93,4472.83,4591.91,2647.69,3325.35,4433,4433,1,0,680222,1,32,0,1,Hl.m. Praha,Prague,1204953,0,0,0,1,1,100.0,12541,0.29,0.43,167,85677.0,99107,92392.0,0.0
7241,11021,1995-03-04,168984,24,7041,unsuccessful,1,0,1993-08-10,571,160.0,55200.0,2.5,24304.3,-170400.0,74.0,78.0,14217.84,28355.36,11357.39,56054.0,16271.42,12442.47,12730.65,10597.02,13240,13548,1,0,760318,1,24,0,1,Hl.m. Praha,Prague,1204953,0,0,0,1,1,100.0,12541,0.29,0.43,167,85677.0,99107,92392.0,0.0
5599,3064,1995-03-21,15420,12,1285,successful,40,0,1993-05-23,667,151.0,13881.0,14.6,31867.2,-36000.0,53.0,98.0,3552.65,7049.35,3142.18,24577.2,4884.57,4776.77,2116.06,2258.18,3705,3705,1,0,655604,1,35,1,1,Hl.m. Praha,Prague,1204953,0,0,0,1,1,100.0,12541,0.29,0.43,167,85677.0,99107,92392.0,0.0
6546,7607,1995-03-27,31728,24,1322,successful,1,0,1993-09-05,568,117.0,22267.5,14.6,32802.7,-113400.0,41.0,76.0,5966.71,9913.02,5173.09,31139.75,8053.18,7781.15,3840.68,3766.11,9110,9418,2,0,500410,1,50,0,1,Hl.m. Praha,Prague,1204953,0,0,0,1,1,100.0,12541,0.29,0.43,167,85677.0,99107,92392.0,0.0
5740,3752,1995-04-02,18564,12,1547,successful,1,0,1994-11-25,128,13.0,25603.5,24.0,43265.7,836.5,9.0,4.0,8988.62,14265.87,8589.67,35538.05,10385.84,8607.3,5961.26,8550.0,4527,4527,1,0,635204,1,37,1,1,Hl.m. Praha,Prague,1204953,0,0,0,1,1,100.0,12541,0.29,0.43,167,85677.0,99107,92392.0,0.0
5045,347,1995-05-01,187224,24,7801,unsuccessful,65,0,1993-12-13,504,88.0,51900.0,0.2,50846.7,-910.8,38.0,40.0,13396.17,22038.48,10834.72,42084.31,16502.3,13214.31,11287.57,9036.88,424,424,1,0,471008,1,53,0,1,Hl.m. Praha,Prague,1204953,0,0,0,1,1,100.0,12541,0.29,0.43,167,85677.0,99107,92392.0,0.0
5138,854,1995-05-30,87216,48,1817,successful,62,0,1993-09-21,616,148.0,15608.0,14.6,26795.3,-187638.0,41.0,107.0,3810.42,6554.76,2960.7,30847.15,5673.21,5670.47,2015.28,1922.37,1029,1029,1,0,545316,1,46,1,1,Hl.m. Praha,Prague,1204953,0,0,0,1,1,100.0,12541,0.29,0.43,167,85677.0,99107,92392.0,0.0
7008,9897,1995-09-22,36168,12,3014,successful,1,0,1995-03-04,202,36.0,27122.0,14.6,29138.1,-18000.0,15.0,20.0,7543.72,14039.27,6931.62,39063.77,10031.54,9289.21,4785.23,5355.96,11873,12181,1,0,610819,1,39,0,1,Hl.m. Praha,Prague,1204953,0,0,0,1,1,100.0,12541,0.29,0.43,167,85677.0,99107,92392.0,0.0
7057,10093,1995-10-20,231696,36,6436,successful,1,2,1994-07-01,476,126.0,60566.0,30.0,47174.7,-19198.0,34.0,83.0,14358.0,20926.37,10683.37,45873.62,22050.38,20382.06,7629.48,6483.95,12108,12416,2,0,730530,1,27,0,1,Hl.m. Praha,Prague,1204953,0,0,0,1,1,100.0,12541,0.29,0.43,167,85677.0,99107,92392.0,0.0
7304,11349,1995-10-29,419880,60,6998,successful,1,2,1995-05-26,156,18.0,64800.0,39.0,24704.4,1200.0,11.0,7.0,22749.02,27879.4,24426.47,59352.83,24734.34,21108.23,19868.24,29640.86,13647,13955,2,0,456030,1,55,1,1,Hl.m. Praha,Prague,1204953,0,0,0,1,1,100.0,12541,0.29,0.43,167,85677.0,99107,92392.0,0.0
6185,5774,1995-11-28,31176,24,1299,successful,1,0,1995-06-08,173,23.0,29418.0,14.6,50647.1,1600.0,12.0,11.0,9218.88,15340.95,9027.32,46304.15,11279.74,10761.48,6282.67,7135.51,6987,6987,1,0,680129,1,32,0,1,Hl.m. Praha,Prague,1204953,0,0,0,1,1,100.0,12541,0.29,0.43,167,85677.0,99107,92392.0,0.0
6785,8899,1995-12-25,125340,60,2089,successful,1,2,1994-09-05,476,127.0,49974.0,30.0,19007.0,-48269.0,57.0,62.0,12382.24,22705.18,9686.67,51145.52,14031.03,10958.02,11028.52,7628.37,10655,10963,1,0,440615,1,56,0,1,Hl.m. Praha,Prague,1204953,0,0,0,1,1,100.0,12541,0.29,0.43,167,85677.0,99107,92392.0,0.0
6698,8327,1996-03-10,247728,48,5161,successful,1,2,1995-08-08,215,50.0,57900.0,30.0,52551.7,-10156.0,23.0,25.0,16019.56,23168.34,12112.08,60054.73,18936.52,14307.73,13628.11,10304.76,9974,10282,1,0,790619,1,21,0,1,Hl.m. Praha,Prague,1204953,0,0,0,1,1,100.0,12541,0.29,0.43,167,85677.0,99107,92392.0,0.0
6063,5213,1996-04-25,320976,48,6687,unsuccessful,1,0,1995-08-18,251,50.0,70071.0,14.6,46462.2,-36400.0,23.0,24.0,18939.86,27435.7,15093.96,49482.97,24504.3,17416.53,13098.79,12718.49,6299,6299,1,0,360809,1,64,0,1,Hl.m. Praha,Prague,1204953,0,0,0,1,1,100.0,12541,0.29,0.43,167,85677.0,99107,92392.0,0.0
5429,2268,1996-07-18,20196,36,561,successful,1,0,1995-02-11,523,96.0,35469.0,14.6,65684.6,-160776.0,34.0,62.0,10375.38,15288.69,8501.32,52636.6,13354.37,12967.82,7345.3,6051.95,2746,2746,1,0,710225,1,29,0,1,Hl.m. Praha,Prague,1204953,0,0,0,1,1,100.0,12541,0.29,0.43,167,85677.0,99107,92392.0,0.0
6012,4994,1996-08-03,258444,36,7179,successful,1,2,1996-01-11,205,16.0,31830.0,141.4,53892.1,1651.2,12.0,4.0,8830.23,17230.16,8680.76,40688.14,10014.11,8032.68,3929.69,10625.0,6033,6033,1,0,660527,1,34,0,1,Hl.m. Praha,Prague,1204953,0,0,0,1,1,100.0,12541,0.29,0.43,167,85677.0,99107,92392.0,0.0
5385,2143,1996-09-09,71460,36,1985,successful,1,0,1996-01-13,240,31.0,33669.0,14.6,49663.5,232.7,16.0,15.0,10402.76,16380.59,10132.92,49220.98,12158.55,11367.79,8360.81,8815.72,2592,2592,2,0,805831,1,20,1,1,Hl.m. Praha,Prague,1204953,0,0,0,1,1,100.0,12541,0.29,0.43,167,85677.0,99107,92392.0,0.0
7194,10762,1996-09-17,68832,36,1912,successful,1,0,1995-10-23,330,53.0,28353.0,14.6,51540.7,-7500.0,24.0,29.0,8816.19,12288.79,7828.98,37557.05,10565.59,9718.27,6859.88,6265.43,12923,13231,1,0,590701,1,41,0,1,Hl.m. Praha,Prague,1204953,0,0,0,1,1,100.0,12541,0.29,0.43,167,85677.0,99107,92392.0,0.0
5375,2106,1996-10-03,101520,12,8460,successful,1,0,1996-02-01,245,38.0,18513.0,14.6,16735.4,-156.8,18.0,20.0,5266.37,10352.39,5370.04,26449.09,6641.69,6132.84,3673.36,4683.52,2550,2550,1,0,766012,1,24,1,1,Hl.m. Praha,Prague,1204953,0,0,0,1,1,100.0,12541,0.29,0.43,167,85677.0,99107,92392.0,0.0
5635,3230,1996-10-04,77184,36,2144,successful,1,0,1995-03-11,573,77.0,63600.0,14.6,22446.0,-3000.0,36.0,39.0,18669.59,30287.21,14561.26,50722.27,19736.33,15884.21,18303.83,13385.42,3907,3907,1,0,546209,1,46,1,1,Hl.m. Praha,Prague,1204953,0,0,0,1,1,100.0,12541,0.29,0.43,167,85677.0,99107,92392.0,0.0
6817,9024,1996-10-04,70656,48,1472,successful,1,0,1996-01-05,273,53.0,26080.0,14.6,22476.1,35500.0,29.0,24.0,6795.18,12948.76,5188.34,32646.85,7387.13,5128.59,6160.51,5260.54,10806,11114,1,0,520726,1,48,0,1,Hl.m. Praha,Prague,1204953,0,0,0,1,1,100.0,12541,0.29,0.43,167,85677.0,99107,92392.0,0.0
6309,6434,1996-11-11,110136,24,4589,successful,1,0,1995-05-08,553,63.0,60700.0,14.6,40746.5,-24455.0,29.0,34.0,14707.1,29147.98,11660.54,50815.8,17084.36,13368.28,12408.81,10203.93,7765,7765,1,0,585224,1,42,1,1,Hl.m. Praha,Prague,1204953,0,0,0,1,1,100.0,12541,0.29,0.43,167,85677.0,99107,92392.0,0.0
6940,9510,1996-11-22,228276,36,6341,successful,1,0,1996-06-09,166,20.0,22288.0,14.6,53707.9,89154.0,13.0,7.0,6934.94,14856.81,7186.86,41402.13,8426.39,7594.05,3043.21,6430.66,11401,11709,2,0,610803,1,39,0,1,Hl.m. Praha,Prague,1204953,0,0,0,1,1,100.0,12541,0.29,0.43,167,85677.0,99107,92392.0,0.0
6876,9236,1993-12-21,86616,12,7218,successful,11,0,1993-08-18,125,15.0,17859.0,29.8,37253.1,99900.0,12.0,3.0,6131.07,11715.98,5323.55,25714.05,6561.63,4879.43,4517.74,7100.0,11064,11372,1,0,610928,11,39,0,11,Praha - zapad,central Bohemia,75637,35,36,9,0,7,36.5,9622,0.45,0.59,154,3475.0,3529,3502.0,0.0
5189,1166,1994-02-07,149040,48,3105,successful,11,0,1993-04-21,292,54.0,27946.0,14.6,19033.5,-204.4,20.0,32.0,7629.03,12658.25,6682.03,36845.59,10743.71,9496.58,4526.96,5108.06,1404,1404,1,0,686220,11,32,1,11,Praha - zapad,central Bohemia,75637,35,36,9,0,7,36.5,9622,0.45,0.59,154,3475.0,3529,3502.0,0.0
6903,9337,1994-06-04,52128,24,2172,successful,30,0,1993-09-13,264,71.0,44473.0,0.1,58659.8,826.7,39.0,29.0,10259.06,20087.37,6031.73,33459.68,12442.41,6244.84,6388.78,4819.82,11189,11497,1,0,595717,11,41,1,11,Praha - zapad,central Bohemia,75637,35,36,9,0,7,36.5,9622,0.45,0.59,154,3475.0,3529,3502.0,0.0
5533,2762,1994-07-05,111384,24,4641,successful,19,0,1993-03-20,472,152.0,61700.0,14.6,52318.9,-1333878.0,55.0,93.0,15792.31,26285.86,13525.02,65097.22,16819.2,19164.75,14513.97,10139.29,3335,3335,1,0,670210,11,33,0,11,Praha - zapad,central Bohemia,75637,35,36,9,0,7,36.5,9622,0.45,0.59,154,3475.0,3529,3502.0,0.0
5549,2824,1994-07-16,50460,60,841,successful,11,0,1993-10-20,269,43.0,22927.5,14.6,41531.0,-3000.0,19.0,24.0,6840.64,10371.12,6392.97,37570.63,8763.37,8327.07,4451.09,4861.81,3414,3414,1,0,476017,11,53,1,11,Praha - zapad,central Bohemia,75637,35,36,9,0,7,36.5,9622,0.45,0.59,154,3475.0,3529,3502.0,0.0
7176,10663,1995-10-28,260028,36,7223,successful,11,0,1993-12-08,689,161.0,65008.0,14.6,69850.9,-320394.0,47.0,105.0,15540.0,20993.63,12514.36,50676.82,23496.41,22177.26,7985.25,8141.08,12805,13113,1,0,761125,11,24,0,11,Praha - zapad,central Bohemia,75637,35,36,9,0,7,36.5,9622,0.45,0.59,154,3475.0,3529,3502.0,0.0
5805,4081,1995-11-28,137904,24,5746,unsuccessful,11,0,1995-07-22,129,12.0,11878.0,29.4,35159.7,48600.0,9.0,3.0,5156.21,11982.1,6363.32,26886.19,5852.68,6195.53,2950.14,6866.67,4918,4918,1,0,680506,11,32,0,11,Praha - zapad,central Bohemia,75637,35,36,9,0,7,36.5,9622,0.45,0.59,154,3475.0,3529,3502.0,0.0
7097,10266,1993-12-23,75624,24,3151,unsuccessful,54,0,1993-06-10,196,23.0,49887.0,50.5,41954.8,94500.0,15.0,8.0,16670.61,20688.42,13406.74,50009.91,19366.42,11677.0,10241.09,16650.0,12317,12625,1,0,581207,54,42,0,54,Brno - mesto,south Moravia,387570,0,0,0,1,1,100.0,9897,1.6,1.96,140,18721.0,18696,18708.0,2.0
5126,790,1994-07-24,208128,48,4336,unsuccessful,54,0,1993-05-11,439,64.0,47493.0,14.6,81474.6,-233574.0,29.0,34.0,12749.28,22812.19,9442.16,36369.97,15657.2,11823.67,9353.41,7071.08,946,946,1,0,510806,54,49,0,54,Brno - mesto,south Moravia,387570,0,0,0,1,1,100.0,9897,1.6,1.96,140,18721.0,18696,18708.0,2.0
5754,3834,1994-09-28,23052,12,1921,successful,54,0,1993-01-19,617,171.0,24000.0,14.6,28531.7,-414000.0,48.0,123.0,5017.81,8912.02,3618.33,23771.97,7256.61,6742.35,3075.7,2399.2,4620,4620,2,0,406101,54,60,1,54,Brno - mesto,south Moravia,387570,0,0,0,1,1,100.0,9897,1.6,1.96,140,18721.0,18696,18708.0,2.0
5044,344,1994-12-21,100980,60,1683,successful,54,0,1993-12-01,385,70.0,22900.0,14.6,47137.7,-24000.0,27.0,43.0,6252.81,9576.33,5261.05,35614.74,8018.4,7692.8,4271.06,3734.13,421,421,1,0,650731,54,35,0,54,Brno - mesto,south Moravia,387570,0,0,0,1,1,100.0,9897,1.6,1.96,140,18721.0,18696,18708.0,2.0
6985,9731,1995-11-22,113796,36,3161,successful,54,1,1994-12-01,356,72.0,28446.0,100.0,34054.0,-77000.0,25.0,43.0,7747.2,11410.84,6453.25,36840.57,10662.96,9973.76,4057.79,3972.0,11670,11978,2,0,711009,54,29,0,54,Brno - mesto,south Moravia,387570,0,0,0,1,1,100.0,9897,1.6,1.96,140,18721.0,18696,18708.0,2.0
6659,8092,1996-02-20,56100,60,935,successful,54,0,1995-01-11,405,68.0,13986.0,14.6,15407.2,-74592.0,28.0,40.0,4053.8,8426.83,3856.6,20158.0,5046.94,4958.15,3019.34,3085.52,9687,9995,1,0,580707,54,42,0,54,Brno - mesto,south Moravia,387570,0,0,0,1,1,100.0,9897,1.6,1.96,140,18721.0,18696,18708.0,2.0
6019,5033,1996-07-25,11400,12,950,successful,54,0,1995-08-03,357,77.0,10734.0,14.6,27820.2,-41800.0,29.0,48.0,2745.39,6234.42,2434.24,27533.66,3792.18,3711.33,1416.43,1662.67,6077,6077,1,0,805430,54,20,1,54,Brno - mesto,south Moravia,387570,0,0,0,1,1,100.0,9897,1.6,1.96,140,18721.0,18696,18708.0,2.0
6011,4981,1996-11-28,179328,48,3736,successful,54,0,1996-01-22,311,52.0,34960.0,14.6,36074.7,-157000.0,21.0,31.0,9792.94,14278.23,8935.78,44093.97,12534.93,11922.28,6914.51,6912.68,6015,6015,1,0,731121,54,27,0,54,Brno - mesto,south Moravia,387570,0,0,0,1,1,100.0,9897,1.6,1.96,140,18721.0,18696,18708.0,2.0
5170,1071,1994-01-20,253200,60,4220,successful,68,2,1993-05-10,255,41.0,46304.0,30.0,81150.6,12950.0,21.0,17.0,14459.62,26552.74,11912.36,47302.55,16298.79,13560.89,13068.2,9632.35,1286,1286,1,0,505313,52,50,1,52,Usti nad Orlici,east Bohemia,139012,59,41,8,3,10,61.9,8363,2.52,3.49,108,2564.0,2799,2682.0,3.0
5519,2694,1994-03-08,91632,12,7636,successful,7,0,1993-03-08,365,70.0,26378.0,14.6,33061.9,-97600.0,27.0,43.0,7061.3,10641.42,6304.11,40976.94,9671.0,8784.24,4192.91,4746.81,3251,3251,2,0,626228,52,38,1,52,Usti nad Orlici,east Bohemia,139012,59,41,8,3,10,61.9,8363,2.52,3.49,108,2564.0,2799,2682.0,3.0
5450,2345,1994-12-11,199680,60,3328,successful,5,0,1993-10-25,412,74.0,29954.0,14.6,19924.0,-262.8,28.0,42.0,8335.63,11909.17,7353.53,33658.62,11122.93,10072.95,5190.77,5329.51,2834,2834,1,0,490523,52,51,0,52,Usti nad Orlici,east Bohemia,139012,59,41,8,3,10,61.9,8363,2.52,3.49,108,2564.0,2799,2682.0,3.0
5804,4079,1995-04-05,158976,48,3312,successful,52,0,1993-11-03,518,156.0,48358.0,14.6,18879.4,-759.2,52.0,95.0,11047.2,23319.34,8573.48,49916.09,13603.89,13041.75,8349.31,5442.91,4916,4916,1,0,390109,52,61,0,52,Usti nad Orlici,east Bohemia,139012,59,41,8,3,10,61.9,8363,2.52,3.49,108,2564.0,2799,2682.0,3.0
6578,7765,1995-12-11,27984,12,2332,successful,52,2,1994-07-10,519,76.0,47513.0,30.0,18380.5,-131472.0,30.0,43.0,10118.51,16237.33,7289.58,30639.86,14385.31,9539.81,5496.36,5354.42,9298,9606,1,0,490216,52,51,0,52,Usti nad Orlici,east Bohemia,139012,59,41,8,3,10,61.9,8363,2.52,3.49,108,2564.0,2799,2682.0,3.0
6175,5735,1996-02-21,290700,60,4845,unsuccessful,52,0,1995-01-25,392,100.0,56400.0,5.1,11574.8,-230400.0,42.0,52.0,15082.07,31590.33,14274.57,59647.42,15647.31,17131.33,15133.62,12742.02,6936,6936,1,0,595227,52,41,1,52,Usti nad Orlici,east Bohemia,139012,59,41,8,3,10,61.9,8363,2.52,3.49,108,2564.0,2799,2682.0,3.0
6992,9790,1996-07-27,133968,48,2791,successful,52,0,1995-11-09,261,79.0,60800.0,14.6,34729.5,-32769.0,23.0,51.0,13990.24,22590.1,9939.87,46772.32,18975.46,17825.64,9826.02,6082.95,11742,12050,2,2,430530,52,57,0,52,Usti nad Orlici,east Bohemia,139012,59,41,8,3,10,61.9,8363,2.52,3.49,108,2564.0,2799,2682.0,3.0
5988,4851,1996-08-22,141648,24,5902,successful,52,0,1996-02-04,200,18.0,42127.0,55.6,123310.1,280888.0,13.0,5.0,15669.41,32279.92,14106.12,45100.42,16779.77,13177.71,13738.16,16520.0,5858,5858,2,0,520717,52,48,0,52,Usti nad Orlici,east Bohemia,139012,59,41,8,3,10,61.9,8363,2.52,3.49,108,2564.0,2799,2682.0,3.0
6599,7859,1996-11-19,72120,12,6010,successful,52,0,1995-03-14,616,102.0,54092.0,14.6,98631.7,-154000.0,40.0,58.0,15888.07,20598.0,14376.88,75686.07,19986.27,19563.42,11567.51,10493.43,9409,9717,2,0,526110,52,48,1,52,Usti nad Orlici,east Bohemia,139012,59,41,8,3,10,61.9,8363,2.52,3.49,108,2564.0,2799,2682.0,3.0
6721,8475,1994-01-21,21072,24,878,successful,4,0,1993-09-08,135,15.0,9738.0,48.5,33467.0,71412.0,13.0,2.0,3558.24,9070.84,3164.47,21575.69,3766.18,3012.85,2192.03,4150.0,10151,10459,1,0,645809,17,36,1,17,Pelhrimov,south Bohemia,74062,99,15,4,2,7,61.4,8114,2.38,2.62,119,1003.0,1181,1092.0,2.0
5877,4414,1995-02-23,97224,24,4051,successful,24,0,1993-09-10,531,112.0,16257.0,14.6,19479.6,-100800.0,42.0,70.0,4066.96,7476.94,3938.21,22360.54,5690.51,5482.85,2245.66,3011.43,5320,5320,2,0,515407,17,49,1,17,Pelhrimov,south Bohemia,74062,99,15,4,2,7,61.4,8114,2.38,2.62,119,1003.0,1181,1092.0,2.0
6751,8680,1996-07-14,85716,36,2381,successful,17,0,1996-02-12,153,19.0,21430.0,52.5,52416.9,157157.0,15.0,4.0,7472.8,12288.06,7206.16,31337.26,7647.0,5781.13,3733.18,12550.0,10394,10702,2,0,380503,17,62,0,17,Pelhrimov,south Bohemia,74062,99,15,4,2,7,61.4,8114,2.38,2.62,119,1003.0,1181,1092.0,2.0
7259,11111,1994-01-31,108144,36,3004,successful,1,0,1993-05-20,256,55.0,60600.0,14.6,21921.3,-31500.0,23.0,32.0,16921.11,25585.47,13671.43,54652.9,17851.05,16822.83,16122.9,11406.36,13349,13657,2,0,635512,59,37,1,59,Kromeriz,south Moravia,108871,41,29,7,2,6,62.1,8444,3.24,3.47,106,2595.0,2305,2450.0,3.0
5624,3166,1995-01-03,177744,48,3703,unsuccessful,71,0,1993-08-10,511,95.0,45056.0,3.3,14230.7,-262200.0,36.0,55.0,8644.84,21147.08,6726.89,26746.53,11111.19,9073.4,5012.08,4242.31,3829,3829,1,0,720313,59,28,0,59,Kromeriz,south Moravia,108871,41,29,7,2,6,62.1,8444,3.24,3.47,106,2595.0,2305,2450.0,3.0
7246,11054,1996-08-20,148920,60,2482,successful,59,2,1996-02-01,201,31.0,22780.0,30.0,15278.6,2900.0,16.0,14.0,7198.97,15220.65,7832.08,32435.32,7910.81,8064.79,5312.05,6498.43,13282,13590,1,0,770803,59,23,0,59,Kromeriz,south Moravia,108871,41,29,7,2,6,62.1,8444,3.24,3.47,106,2595.0,2305,2450.0,3.0
5606,3084,1996-08-28,253512,36,7042,unsuccessful,59,2,1996-01-28,213,29.0,40419.0,13.4,13318.4,-8900.0,14.0,13.0,12285.68,24704.39,11379.26,37095.84,14961.45,12261.32,9524.51,9143.08,3730,3730,1,0,455807,59,55,1,59,Kromeriz,south Moravia,108871,41,29,7,2,6,62.1,8444,3.24,3.47,106,2595.0,2305,2450.0,3.0
5285,1603,1994-02-06,78936,12,6578,successful,1,0,1993-05-09,273,51.0,11416.0,14.6,24601.0,-3561.0,24.0,27.0,3214.62,7684.87,3259.0,25900.32,4054.84,3975.21,2105.63,2622.37,1944,1944,1,0,575122,31,43,1,31,Tachov,west Bohemia,51313,34,12,3,1,4,59.2,8930,3.52,4.2,108,1328.0,1452,1390.0,4.0
6512,7454,1994-05-26,63312,48,1319,successful,4,0,1993-04-19,402,82.0,10500.0,14.6,28553.5,-10800.0,35.0,47.0,1985.06,5522.43,2011.23,22551.78,2529.34,2763.92,1207.46,1450.72,8928,9236,1,0,565507,31,44,1,31,Tachov,west Bohemia,51313,34,12,3,1,4,59.2,8930,3.52,4.2,108,1328.0,1452,1390.0,4.0
6647,8051,1994-06-01,208320,48,4340,successful,1,2,1993-02-07,479,85.0,39060.0,30.0,44213.1,-4596.1,33.0,46.0,10975.44,16039.86,9434.44,43944.89,14197.91,12819.85,8103.4,7055.0,9637,9945,2,0,685414,31,32,1,31,Tachov,west Bohemia,51313,34,12,3,1,4,59.2,8930,3.52,4.2,108,1328.0,1452,1390.0,4.0
6686,8260,1994-08-25,224604,36,6239,successful,31,0,1993-03-24,519,93.0,56152.0,14.6,40287.4,-432500.0,34.0,50.0,15921.88,21234.86,14537.8,57496.99,21195.73,20475.04,11337.43,11705.5,9890,10198,2,0,760524,31,24,0,31,Tachov,west Bohemia,51313,34,12,3,1,4,59.2,8930,3.52,4.2,108,1328.0,1452,1390.0,4.0
5269,1527,1994-11-19,164052,36,4557,unsuccessful,31,1,1993-11-17,367,65.0,48181.0,0.4,20811.2,-97200.0,28.0,30.0,13989.47,30609.39,11809.26,41752.16,16630.02,14078.81,12665.77,9350.01,1851,1851,1,0,755912,31,25,1,31,Tachov,west Bohemia,51313,34,12,3,1,4,59.2,8930,3.52,4.2,108,1328.0,1452,1390.0,4.0
7192,10738,1994-12-21,115992,36,3222,successful,45,2,1993-04-17,613,127.0,60600.0,5.4,17711.5,-367500.0,46.0,77.0,9741.39,17591.06,6214.37,25666.41,11965.95,8683.64,7589.48,4245.82,12893,13201,1,0,370517,31,63,0,31,Tachov,west Bohemia,51313,34,12,3,1,4,59.2,8930,3.52,4.2,108,1328.0,1452,1390.0,4.0
5413,2227,1995-12-12,92976,24,3874,successful,31,2,1994-05-22,569,109.0,48996.0,30.0,21531.8,-120474.0,50.0,48.0,12340.69,26490.32,12039.47,50436.47,14748.41,13338.34,10536.88,10334.92,2698,2698,2,0,706007,31,30,1,31,Tachov,west Bohemia,51313,34,12,3,1,4,59.2,8930,3.52,4.2,108,1328.0,1452,1390.0,4.0
6949,9583,1995-12-12,104712,24,4363,successful,31,2,1994-05-22,569,108.0,48996.0,30.0,30115.3,-107088.0,50.0,48.0,12231.3,25655.51,12019.66,52379.13,14758.45,13282.39,10076.06,10287.0,11486,11794,2,0,706007,31,30,1,31,Tachov,west Bohemia,51313,34,12,3,1,4,59.2,8930,3.52,4.2,108,1328.0,1452,1390.0,4.0
6303,6400,1996-02-12,72408,24,3017,unsuccessful,31,1,1995-10-09,126,13.0,49634.0,96.5,36363.9,70000.0,9.0,4.0,15363.92,19929.62,13997.22,45099.26,17362.91,12129.32,10308.25,18200.0,7727,7727,1,0,585613,31,42,1,31,Tachov,west Bohemia,51313,34,12,3,1,4,59.2,8930,3.52,4.2,108,1328.0,1452,1390.0,4.0
5312,1772,1996-03-13,202788,36,5633,successful,31,2,1995-02-20,387,79.0,72298.0,30.0,81623.6,-323838.0,26.0,44.0,18880.85,23297.66,16141.21,57124.27,27062.79,26091.91,10965.68,10954.23,2148,2148,1,0,535720,31,47,1,31,Tachov,west Bohemia,51313,34,12,3,1,4,59.2,8930,3.52,4.2,108,1328.0,1452,1390.0,4.0
5388,2153,1996-11-28,61560,12,5130,successful,31,2,1996-01-07,326,71.0,46166.0,30.0,20051.1,-278181.0,22.0,45.0,11617.22,17762.22,9739.4,32967.71,16691.14,16171.55,6524.92,6231.07,2606,2606,1,0,430104,31,57,0,31,Tachov,west Bohemia,51313,34,12,3,1,4,59.2,8930,3.52,4.2,108,1328.0,1452,1390.0,4.0
6087,5313,1994-02-27,300660,60,5011,successful,40,0,1993-04-29,304,66.0,48900.0,14.6,33918.9,-176400.0,24.0,41.0,13800.62,30520.96,10342.53,45854.89,17113.84,14927.62,10989.75,7615.93,6417,6417,1,0,500107,40,50,0,40,Teplice,north Bohemia,128118,9,16,6,3,8,85.3,9317,6.49,7.07,97,6949.0,6872,6910.0,6.0
5131,816,1995-01-08,48624,24,2026,successful,52,0,1993-08-05,521,117.0,52900.0,14.6,47993.6,-85766.0,49.0,65.0,13769.75,25825.86,12180.79,63857.24,14898.83,15032.1,12856.71,10188.36,980,980,1,0,610930,40,39,0,40,Teplice,north Bohemia,128118,9,16,6,3,8,85.3,9317,6.49,7.07,97,6949.0,6872,6910.0,6.0
6810,9006,1996-06-08,186384,48,3883,successful,40,2,1994-09-02,645,190.0,60600.0,30.0,21003.8,-780.0,82.0,98.0,14945.74,27339.89,11952.68,61578.3,17259.87,13975.7,12975.04,9585.5,10785,11093,1,0,590129,40,41,0,40,Teplice,north Bohemia,128118,9,16,6,3,8,85.3,9317,6.49,7.07,97,6949.0,6872,6910.0,6.0
4996,132,1996-11-06,88440,12,7370,successful,40,1,1996-05-11,179,31.0,47976.0,100.0,78907.6,100.0,16.0,14.0,14855.18,21638.26,14850.77,62778.09,17191.28,16852.55,12549.44,12528.57,158,158,2,0,455703,40,55,1,40,Teplice,north Bohemia,128118,9,16,6,3,8,85.3,9317,6.49,7.07,97,6949.0,6872,6910.0,6.0
7262,11135,1994-03-01,182628,36,5073,successful,75,0,1993-10-10,142,13.0,23204.0,67.1,45660.9,1284.5,10.0,3.0,7798.42,14579.42,8281.61,33229.11,8850.23,7666.09,2052.64,10333.33,13379,13687,1,0,590523,75,41,0,75,Prerov,north Moravia,138032,67,30,4,2,5,64.6,8819,5.38,5.66,99,4063.0,4505,4284.0,5.0
6577,7753,1994-03-11,51696,24,2154,successful,74,0,1993-02-08,396,102.0,59600.0,14.6,38202.2,-133000.0,44.0,50.0,16005.33,26115.03,13901.27,58226.5,16358.97,16546.95,16561.25,11529.21,9285,9593,1,2,685128,74,32,1,74,Ostrava - mesto,north Moravia,323870,0,0,0,1,1,100.0,10673,4.75,5.44,100,18782.0,18347,18564.0,5.0
6738,8566,1994-09-29,230220,36,6395,unsuccessful,74,0,1993-10-08,356,82.0,59800.0,4.9,6325.5,-53364.0,38.0,42.0,11907.15,29524.49,7188.85,27658.49,12904.57,7839.63,11303.43,6386.69,10258,10566,1,0,426109,74,58,1,74,Ostrava - mesto,north Moravia,323870,0,0,0,1,1,100.0,10673,4.75,5.44,100,18782.0,18347,18564.0,5.0
6253,6148,1994-11-04,59760,24,2490,successful,74,0,1993-12-27,312,54.0,34557.0,14.6,41147.7,-1860.0,22.0,32.0,9473.17,12827.19,8295.16,40204.46,12447.69,11115.26,6240.29,6356.33,7422,7422,2,0,581126,74,42,0,74,Ostrava - mesto,north Moravia,323870,0,0,0,1,1,100.0,10673,4.75,5.44,100,18782.0,18347,18564.0,5.0
6645,8041,1994-11-06,140400,36,3900,successful,1,0,1993-10-10,392,45.0,63200.0,14.6,28271.8,-5100.0,22.0,23.0,15888.23,18981.79,10991.5,43563.62,18021.46,11883.85,13903.36,10137.96,9625,9933,1,0,411015,74,59,0,74,Ostrava - mesto,north Moravia,323870,0,0,0,1,1,100.0,10673,4.75,5.44,100,18782.0,18347,18564.0,5.0
6272,6226,1994-12-20,398640,60,6644,successful,74,2,1993-07-26,512,86.0,59793.0,30.0,59316.9,-554400.0,34.0,51.0,18029.51,21947.88,16552.96,63383.58,22565.66,21806.94,13592.85,13001.18,7521,7521,1,0,605209,74,40,1,74,Ostrava - mesto,north Moravia,323870,0,0,0,1,1,100.0,10673,4.75,5.44,100,18782.0,18347,18564.0,5.0
5876,4413,1995-02-08,221280,48,4610,successful,74,2,1994-01-15,389,71.0,50178.0,30.0,31344.7,-3307.5,25.0,41.0,13440.95,18388.53,11891.5,37596.93,18886.27,17512.22,8291.12,8794.0,5318,5318,2,0,680328,74,32,0,74,Ostrava - mesto,north Moravia,323870,0,0,0,1,1,100.0,10673,4.75,5.44,100,18782.0,18347,18564.0,5.0
6986,9750,1995-02-11,151728,48,3161,unsuccessful,74,0,1994-05-16,271,57.0,48906.0,0.8,26488.7,-2300.0,28.0,21.0,11105.91,24000.12,8289.66,30491.1,13565.0,8910.7,7918.64,5413.58,11695,12003,1,0,760623,74,24,0,74,Ostrava - mesto,north Moravia,323870,0,0,0,1,1,100.0,10673,4.75,5.44,100,18782.0,18347,18564.0,5.0
6950,9591,1995-04-11,104712,24,4363,successful,74,0,1993-05-20,691,191.0,56400.0,14.6,21801.2,-194862.0,72.0,103.0,14364.41,27075.74,11980.31,57357.84,16620.53,16041.95,12926.27,9343.04,11496,11804,1,0,441212,74,56,0,74,Ostrava - mesto,north Moravia,323870,0,0,0,1,1,100.0,10673,4.75,5.44,100,18782.0,18347,18564.0,5.0
6403,6924,1995-12-05,194880,48,4060,successful,74,0,1994-06-01,552,113.0,36536.0,14.6,31021.6,-6696.3,37.0,71.0,9593.68,13195.88,8187.95,36421.43,13668.44,12922.23,4715.98,5316.82,8359,8359,1,0,791206,74,21,0,74,Ostrava - mesto,north Moravia,323870,0,0,0,1,1,100.0,10673,4.75,5.44,100,18782.0,18347,18564.0,5.0
6178,5742,1995-12-16,232560,48,4845,successful,74,1,1995-07-05,164,27.0,39741.0,100.0,41243.5,11564.0,14.0,11.0,13775.51,26204.03,13066.73,63188.63,13954.25,14073.04,15322.23,12454.55,6946,6946,1,0,705129,74,30,1,74,Ostrava - mesto,north Moravia,323870,0,0,0,1,1,100.0,10673,4.75,5.44,100,18782.0,18347,18564.0,5.0
5563,2912,1996-02-29,380160,60,6336,successful,74,0,1994-07-30,579,109.0,62500.0,14.6,24549.6,-91500.0,47.0,58.0,16718.17,27227.87,15887.99,64777.08,18434.72,18684.48,15379.19,14155.0,3519,3519,1,0,491215,74,51,0,74,Ostrava - mesto,north Moravia,323870,0,0,0,1,1,100.0,10673,4.75,5.44,100,18782.0,18347,18564.0,5.0
6509,7445,1994-03-15,55368,24,2307,successful,64,0,1993-03-18,362,98.0,48139.0,14.6,12414.4,-40400.0,47.0,39.0,10214.91,24131.84,8702.48,46061.32,11645.0,9204.86,8822.64,6775.54,8918,9226,1,0,396225,64,61,1,64,Zlin,south Moravia,197099,29,41,10,2,10,74.7,9624,1.6,2.31,145,4484.0,4265,4374.0,2.0
6808,8982,1994-10-12,227880,36,6330,successful,64,0,1993-09-25,382,83.0,64600.0,14.6,53716.6,59864.0,45.0,36.0,12748.96,29551.48,8156.79,45134.72,13055.0,8119.23,12890.35,8290.57,10755,11063,2,0,556104,64,45,1,64,Zlin,south Moravia,197099,29,41,10,2,10,74.7,9624,1.6,2.31,145,4484.0,4265,4374.0,2.0
6745,8625,1995-04-10,47304,24,1971,successful,64,0,1993-11-10,516,167.0,59900.0,14.6,62458.3,-442500.0,76.0,83.0,15898.24,30916.76,13867.85,68740.02,17036.19,15647.29,15445.39,12171.48,10328,10636,1,0,710803,64,29,0,64,Zlin,south Moravia,197099,29,41,10,2,10,74.7,9624,1.6,2.31,145,4484.0,4265,4374.0,2.0
6764,8776,1995-08-26,33984,48,708,successful,64,0,1994-08-24,367,70.0,20196.0,14.6,44465.4,20600.0,36.0,34.0,6177.99,9896.49,4598.14,38587.76,7009.15,5088.0,5211.55,4079.48,10510,10818,1,0,720804,64,28,0,64,Zlin,south Moravia,197099,29,41,10,2,10,74.7,9624,1.6,2.31,145,4484.0,4265,4374.0,2.0
6933,9493,1995-09-09,188688,48,3931,successful,64,0,1995-04-02,160,22.0,35378.0,14.6,23579.7,7184.0,12.0,7.0,11652.69,20050.28,10873.77,42203.17,13612.24,10950.12,10136.0,10188.23,11377,11685,1,0,655723,64,35,1,64,Zlin,south Moravia,197099,29,41,10,2,10,74.7,9624,1.6,2.31,145,4484.0,4265,4374.0,2.0
5494,2572,1996-06-13,360000,48,7500,successful,64,1,1994-11-13,578,136.0,73228.0,0.3,64765.2,-759000.0,57.0,72.0,19720.19,26193.21,14897.4,51149.66,26110.61,18340.46,13422.7,12175.11,3103,3103,1,0,735307,64,27,1,64,Zlin,south Moravia,197099,29,41,10,2,10,74.7,9624,1.6,2.31,145,4484.0,4265,4374.0,2.0
5725,3679,1996-07-23,444864,48,9268,successful,64,0,1995-08-15,343,64.0,25862.0,14.6,41743.9,-105000.0,27.0,37.0,6889.95,11798.83,6433.18,32404.77,9150.48,8397.54,4194.82,4999.72,4434,4434,2,0,640329,64,36,0,64,Zlin,south Moravia,197099,29,41,10,2,10,74.7,9624,1.6,2.31,145,4484.0,4265,4374.0,2.0
6283,6289,1996-08-11,85632,48,1784,successful,64,0,1995-04-05,494,85.0,60800.0,14.6,117238.7,-435771.0,38.0,46.0,17960.9,26945.91,15232.29,65066.74,18906.9,18351.1,17094.01,12868.39,7594,7594,1,0,495407,64,51,1,64,Zlin,south Moravia,197099,29,41,10,2,10,74.7,9624,1.6,2.31,145,4484.0,4265,4374.0,2.0
6995,9814,1996-09-26,96168,12,8014,successful,64,2,1995-01-19,616,149.0,53500.0,24.8,3609.3,279300.0,84.0,59.0,12084.18,21691.13,8240.56,50492.69,13437.48,7330.08,10223.61,8958.98,11771,12079,1,0,725812,64,28,1,64,Zlin,south Moravia,197099,29,41,10,2,10,74.7,9624,1.6,2.31,145,4484.0,4265,4374.0,2.0
6585,7795,1996-10-29,372120,60,6202,successful,64,0,1995-01-05,663,172.0,63300.0,14.6,46580.5,-384000.0,71.0,91.0,14838.14,25895.91,15182.1,64044.05,16202.28,18717.61,13944.15,12748.26,9333,9641,2,0,450126,64,55,0,64,Zlin,south Moravia,197099,29,41,10,2,10,74.7,9624,1.6,2.31,145,4484.0,4265,4374.0,2.0
6073,5263,1996-11-12,276300,60,4605,successful,64,0,1995-07-14,487,92.0,8888.0,14.6,27578.1,-7900.0,45.0,47.0,2425.31,6720.22,3104.78,25997.56,2924.6,3480.2,1784.7,2745.33,6359,6359,1,0,760706,64,24,0,64,Zlin,south Moravia,197099,29,41,10,2,10,74.7,9624,1.6,2.31,145,4484.0,4265,4374.0,2.0
6520,7485,1994-03-16,91200,24,3800,successful,39,0,1993-07-28,231,36.0,34198.0,14.6,32715.3,0.0,18.0,16.0,10256.55,15743.43,9999.52,32558.53,12526.28,10908.28,7052.49,7842.55,8965,9273,2,0,555826,39,45,1,39,Most,north Bohemia,119895,17,4,3,2,4,89.9,10446,7.34,9.4,90,4947.0,4743,4845.0,7.0
7066,10131,1994-05-02,215388,36,5983,unsuccessful,1,0,1993-11-27,156,15.0,49757.0,18.0,30662.8,696.5,10.0,5.0,12682.02,10504.31,6110.86,32702.73,15624.45,6116.29,3693.24,6100.0,12156,12464,1,0,591217,39,41,0,39,Most,north Bohemia,119895,17,4,3,2,4,89.9,10446,7.34,9.4,90,4947.0,4743,4845.0,7.0
5880,4423,1995-10-31,73836,36,2051,successful,39,0,1995-04-26,188,19.0,44281.0,19.1,67453.1,200889.0,14.0,5.0,15919.66,32965.15,16708.06,55315.17,17258.13,13746.65,7471.95,25000.0,5333,5333,1,0,675529,39,33,1,39,Most,north Bohemia,119895,17,4,3,2,4,89.9,10446,7.34,9.4,90,4947.0,4743,4845.0,7.0
5125,789,1995-11-23,73056,48,1522,successful,39,0,1995-02-06,290,51.0,8538.0,14.6,21545.7,-28460.0,23.0,28.0,2463.77,6550.6,2445.33,23255.15,3043.15,3179.51,1690.82,1842.25,944,944,2,0,701218,39,30,0,39,Most,north Bohemia,119895,17,4,3,2,4,89.9,10446,7.34,9.4,90,4947.0,4743,4845.0,7.0
7130,10411,1996-12-11,123408,24,5142,successful,39,1,1995-11-23,384,65.0,46000.0,67.5,8357.1,-27105.0,25.0,40.0,8424.78,17185.36,5789.86,28359.26,11496.03,7693.97,5600.87,4599.8,12502,12810,1,3,641014,39,36,0,39,Most,north Bohemia,119895,17,4,3,2,4,89.9,10446,7.34,9.4,90,4947.0,4743,4845.0,7.0
6699,8330,1994-03-30,7656,24,319,successful,48,0,1993-03-28,367,81.0,31677.0,9.2,36353.1,-115200.0,36.0,45.0,8882.85,12923.56,6436.61,46444.64,11093.95,7746.09,6560.27,5389.03,9979,10287,2,0,625903,48,38,1,48,Rychnov nad Kneznou,east Bohemia,78955,50,24,8,1,9,59.0,9060,1.78,2.44,124,1655.0,1717,1686.0,2.0
5713,3629,1995-05-30,158760,60,2646,successful,48,0,1993-07-27,672,166.0,23810.0,14.6,19182.3,-162400.0,55.0,106.0,5919.12,8944.72,4654.09,24908.76,8273.8,7197.83,3618.6,3196.38,4377,4377,1,0,780131,48,22,0,48,Rychnov nad Kneznou,east Bohemia,78955,50,24,8,1,9,59.0,9060,1.78,2.44,124,1655.0,1717,1686.0,2.0
6302,6397,1996-09-16,181020,60,3017,successful,48,0,1995-03-15,551,93.0,27150.0,14.6,42526.0,-57000.0,37.0,51.0,7891.19,9801.68,7273.76,34005.91,10066.0,9716.02,5655.05,5527.25,7723,7723,2,0,665614,48,34,1,48,Rychnov nad Kneznou,east Bohemia,78955,50,24,8,1,9,59.0,9060,1.78,2.44,124,1655.0,1717,1686.0,2.0
6336,6555,1994-03-31,212400,36,5900,successful,38,2,1993-03-05,391,71.0,48828.0,30.0,64221.1,-301500.0,31.0,37.0,14293.62,27309.5,11301.57,51034.36,16886.43,13977.94,12138.98,9280.27,7914,7914,1,0,666024,38,34,1,38,Louny,north Bohemia,85852,41,23,4,2,4,59.8,8965,7.08,8.23,104,2653.0,2822,2738.0,7.0
6279,6273,1994-06-07,87360,24,3640,successful,38,0,1993-07-21,321,30.0,49341.0,14.6,29072.5,276.2,16.0,13.0,12267.29,13552.45,8145.61,36783.95,15833.25,8544.57,7059.66,7656.09,7576,7576,1,0,620710,38,38,0,38,Louny,north Bohemia,85852,41,23,4,2,4,59.8,8965,7.08,8.23,104,2653.0,2822,2738.0,7.0
5723,3674,1994-09-10,23628,12,1969,successful,38,0,1993-03-12,547,110.0,43694.0,1.7,64096.3,-422400.0,49.0,59.0,11189.31,27950.21,9915.67,47420.84,13077.31,11783.88,9361.66,8359.76,4428,4428,1,0,540309,38,46,0,38,Louny,north Bohemia,85852,41,23,4,2,4,59.8,8965,7.08,8.23,104,2653.0,2822,2738.0,7.0
6591,7819,1995-02-02,20832,48,434,successful,38,0,1993-08-01,550,151.0,19700.0,14.6,17872.5,-832.2,47.0,104.0,3466.85,5923.77,2499.07,21368.91,4568.55,4204.59,2500.99,1728.3,9362,9670,1,0,480504,38,52,0,38,Louny,north Bohemia,85852,41,23,4,2,4,59.8,8965,7.08,8.23,104,2653.0,2822,2738.0,7.0
5212,1256,1995-05-29,71064,36,1974,successful,38,0,1994-04-21,403,86.0,22908.0,14.6,31397.0,-84000.0,29.0,57.0,5908.17,9923.17,4896.45,34577.3,8226.38,7801.58,3542.89,3418.4,1516,1516,1,0,466017,38,54,1,38,Louny,north Bohemia,85852,41,23,4,2,4,59.8,8965,7.08,8.23,104,2653.0,2822,2738.0,7.0
5610,3112,1996-02-24,123216,48,2567,successful,38,0,1994-08-12,561,128.0,59200.0,14.6,77580.8,-108800.0,48.0,79.0,15572.94,28089.52,12136.38,70622.83,17736.11,16989.98,13493.57,9200.23,3763,3763,2,0,775812,38,23,1,38,Louny,north Bohemia,85852,41,23,4,2,4,59.8,8965,7.08,8.23,104,2653.0,2822,2738.0,7.0
6961,9645,1996-06-06,176148,36,4893,successful,38,0,1996-01-23,135,13.0,34881.0,34.9,53592.6,1046.5,9.0,4.0,16180.6,21431.24,17599.44,47154.5,18210.58,15688.08,11282.43,21900.0,11565,11873,1,0,636120,38,37,1,38,Louny,north Bohemia,85852,41,23,4,2,4,59.8,8965,7.08,8.23,104,2653.0,2822,2738.0,7.0
6421,6985,1996-07-25,96768,36,2688,successful,38,0,1995-07-27,364,66.0,64100.0,13.4,37396.4,-52000.0,28.0,36.0,15605.87,22929.24,13244.23,51611.34,18218.11,16277.06,13484.57,11282.53,8432,8432,2,0,685106,38,32,1,38,Louny,north Bohemia,85852,41,23,4,2,4,59.8,8965,7.08,8.23,104,2653.0,2822,2738.0,7.0
7055,10079,1994-04-06,167100,60,2785,successful,62,0,1993-05-06,335,79.0,49980.0,14.6,39310.2,-159900.0,33.0,43.0,15463.92,26493.59,14332.41,63707.63,16643.69,17751.07,14583.1,11363.86,12088,12396,2,0,705117,62,30,1,62,Uherske Hradiste,south Moravia,145688,22,41,13,2,5,40.7,8544,1.29,1.86,109,2719.0,2906,2812.0,1.0
6362,6738,1995-10-31,37908,12,3159,successful,62,0,1994-07-28,460,76.0,28431.0,14.1,46113.5,-172200.0,31.0,43.0,8156.46,12938.94,7485.5,42164.03,10390.88,9919.54,5245.56,5415.02,8130,8130,1,0,765508,62,24,1,62,Uherske Hradiste,south Moravia,145688,22,41,13,2,5,40.7,8544,1.29,1.86,109,2719.0,2906,2812.0,1.0
6550,7614,1996-05-18,320592,48,6679,successful,62,0,1995-02-08,465,88.0,60108.0,14.6,69148.6,-162400.0,30.0,49.0,16061.98,21161.11,13875.42,60781.31,22151.95,21503.09,10481.17,9700.94,9119,9427,2,2,706109,62,30,1,62,Uherske Hradiste,south Moravia,145688,22,41,13,2,5,40.7,8544,1.29,1.86,109,2719.0,2906,2812.0,1.0
5886,4447,1996-10-31,192744,36,5354,successful,62,0,1996-06-16,137,26.0,49871.0,14.6,36199.1,0.0,13.0,12.0,14721.12,28733.34,15435.06,62590.42,17928.14,16504.25,11472.86,13635.77,5364,5364,2,0,640314,62,36,0,62,Uherske Hradiste,south Moravia,145688,22,41,13,2,5,40.7,8544,1.29,1.86,109,2719.0,2906,2812.0,1.0
6944,9548,1996-11-15,46176,48,962,successful,62,0,1996-06-07,161,17.0,18109.0,64.5,38725.1,3500.0,11.0,6.0,7770.54,13279.64,8573.59,33613.11,9313.16,8385.28,4419.19,8918.83,11446,11754,1,0,661103,62,34,0,62,Uherske Hradiste,south Moravia,145688,22,41,13,2,5,40.7,8544,1.29,1.86,109,2719.0,2906,2812.0,1.0
5209,1250,1996-11-25,182640,48,3805,successful,62,0,1996-03-28,242,40.0,34246.0,11.5,23898.3,-5400.0,17.0,23.0,9813.32,14199.38,9227.6,37802.23,12628.23,11558.89,6887.1,7504.47,1509,1509,1,0,425419,62,58,1,62,Uherske Hradiste,south Moravia,145688,22,41,13,2,5,40.7,8544,1.29,1.86,109,2719.0,2906,2812.0,1.0
6202,5891,1994-04-18,65184,12,5432,successful,54,0,1993-01-25,448,82.0,48891.0,14.6,67995.4,-156200.0,30.0,48.0,13636.63,18172.77,11972.68,47426.55,18012.95,17495.92,9048.7,8444.71,7127,7127,1,0,570929,3,43,0,3,Beroun,central Bohemia,75232,55,26,4,1,5,41.7,8980,1.95,2.21,111,2824.0,2813,2818.0,2.0
6296,6358,1996-08-06,270384,48,5633,successful,3,0,1995-05-27,437,87.0,50696.0,14.6,57835.1,-777331.0,32.0,50.0,13502.97,18202.54,12403.51,47654.24,19142.19,17764.69,7402.84,9072.12,7678,7678,1,0,620407,3,38,0,3,Beroun,central Bohemia,75232,55,26,4,1,5,41.7,8980,1.95,2.21,111,2824.0,2813,2818.0,2.0
6072,5256,1994-05-10,193968,36,5388,successful,72,1,1993-10-25,197,29.0,54200.0,52.4,80780.0,210991.0,20.0,9.0,16518.52,30034.31,16951.03,63579.22,16108.46,14309.0,16808.17,22822.22,6349,6349,1,0,721203,72,28,0,72,Olomouc,north Moravia,226122,32,50,7,4,4,62.6,8994,3.8,4.79,110,9672.0,9208,9440.0,4.0
7198,10788,1994-08-23,45768,12,3814,successful,67,2,1993-11-22,274,27.0,36574.0,24.2,54427.5,406300.0,22.0,5.0,9022.09,14361.64,5645.47,32555.82,8986.49,4701.25,8867.64,9800.0,12952,13260,1,0,775527,72,23,1,72,Olomouc,north Moravia,226122,32,50,7,4,4,62.6,8994,3.8,4.79,110,9672.0,9208,9440.0,4.0
6358,6715,1995-01-14,137880,60,2298,unsuccessful,48,2,1993-09-15,486,89.0,20848.0,30.0,19966.8,-66300.0,38.0,44.0,6081.06,11727.07,6024.03,24523.07,7291.53,7317.18,4437.09,4543.86,8105,8105,1,0,630312,72,37,0,72,Olomouc,north Moravia,226122,32,50,7,4,4,62.6,8994,3.8,4.79,110,9672.0,9208,9440.0,4.0
5145,915,1995-09-16,309552,48,6449,successful,72,0,1995-01-18,241,35.0,58041.0,14.6,51799.4,-48900.0,16.0,19.0,17249.73,21979.38,17429.0,56105.5,21612.29,20681.71,12469.07,14689.88,1102,1102,1,0,350129,72,65,0,72,Olomouc,north Moravia,226122,32,50,7,4,4,62.6,8994,3.8,4.79,110,9672.0,9208,9440.0,4.0
7243,11042,1995-12-04,217152,36,6032,successful,72,0,1995-01-29,309,57.0,54286.0,4.4,42279.3,-219.0,21.0,33.0,14230.11,18394.51,12666.78,49107.07,19725.12,18197.29,8855.97,9542.53,13268,13576,1,2,740707,72,26,0,72,Olomouc,north Moravia,226122,32,50,7,4,4,62.6,8994,3.8,4.79,110,9672.0,9208,9440.0,4.0
6540,7562,1995-12-31,309600,48,6450,successful,72,2,1995-01-17,348,56.0,58052.0,30.0,35488.1,-268668.0,22.0,31.0,16733.06,20963.73,16045.61,58185.59,22153.83,21228.23,11538.15,12592.9,9058,9366,1,0,750626,72,25,0,72,Olomouc,north Moravia,226122,32,50,7,4,4,62.6,8994,3.8,4.79,110,9672.0,9208,9440.0,4.0
5706,3608,1996-05-24,161496,36,4486,successful,72,2,1994-08-30,633,130.0,64900.0,8.0,29371.5,-41600.0,52.0,75.0,10752.1,19260.55,6844.43,33219.9,11664.04,8837.95,9732.34,5019.01,4352,4352,1,0,710724,72,29,0,72,Olomouc,north Moravia,226122,32,50,7,4,4,62.6,8994,3.8,4.79,110,9672.0,9208,9440.0,4.0
5136,846,1996-07-28,187104,24,7796,successful,72,0,1996-03-09,141,25.0,49500.0,2.5,86877.7,325500.0,16.0,9.0,17246.12,34581.4,19621.45,66292.37,16189.2,18044.19,19673.48,22425.47,1020,1020,1,0,775510,72,23,1,72,Olomouc,north Moravia,226122,32,50,7,4,4,62.6,8994,3.8,4.79,110,9672.0,9208,9440.0,4.0
6865,9199,1996-09-11,29448,12,2454,unsuccessful,72,0,1996-05-15,119,11.0,22090.0,63.8,43790.6,103089.0,9.0,2.0,8209.3,11482.5,8271.87,28977.44,8907.01,7487.84,2969.85,11800.0,11019,11327,1,0,471021,72,53,0,72,Olomouc,north Moravia,226122,32,50,7,4,4,62.6,8994,3.8,4.79,110,9672.0,9208,9440.0,4.0
6818,9030,1996-12-12,155616,48,3242,successful,72,0,1995-01-21,691,172.0,36960.0,14.6,60694.1,-467200.0,70.0,102.0,7083.51,11044.49,4895.97,44197.51,9143.3,6448.58,5002.16,3830.46,10813,11121,2,0,715410,72,29,1,72,Olomouc,north Moravia,226122,32,50,7,4,4,62.6,8994,3.8,4.79,110,9672.0,9208,9440.0,4.0
5130,813,1994-05-11,24312,12,2026,successful,16,0,1993-02-10,455,78.0,24322.0,14.6,28461.9,-26400.0,37.0,36.0,6039.63,7695.86,4949.47,29380.84,6334.08,5601.63,3019.85,2762.79,976,976,1,0,556119,16,45,1,16,Jindrichuv Hradec,south Bohemia,93931,74,21,10,1,8,56.9,8427,1.12,1.54,107,1874.0,1913,1894.0,1.0
5390,2167,1994-10-30,170256,24,7094,successful,16,0,1993-08-08,448,77.0,36552.0,14.6,43302.8,-55800.0,31.0,46.0,10042.32,13589.38,9089.42,40091.18,13358.16,11986.91,6455.99,7136.77,2623,2623,1,0,655716,16,35,1,16,Jindrichuv Hradec,south Bohemia,93931,74,21,10,1,8,56.9,8427,1.12,1.54,107,1874.0,1913,1894.0,1.0
6342,6609,1995-11-12,60156,36,1671,unsuccessful,16,0,1995-03-27,230,56.0,53600.0,14.6,132316.8,-199068.0,26.0,29.0,16629.25,34206.99,15972.28,72667.64,17607.34,18483.86,15878.35,13468.22,7980,7980,1,0,760808,16,24,0,16,Jindrichuv Hradec,south Bohemia,93931,74,21,10,1,8,56.9,8427,1.12,1.54,107,1874.0,1913,1894.0,1.0
4973,67,1996-05-02,165960,24,6915,successful,16,0,1994-10-19,561,125.0,62235.0,14.6,23689.2,-744.6,37.0,84.0,16442.53,20955.65,12822.35,52523.24,23313.95,21979.51,10634.68,8934.96,78,78,1,0,445613,16,56,1,16,Jindrichuv Hradec,south Bohemia,93931,74,21,10,1,8,56.9,8427,1.12,1.54,107,1874.0,1913,1894.0,1.0
6354,6688,1996-10-23,22968,36,638,successful,16,0,1996-06-25,120,11.0,8200.0,16.3,38831.0,73395.0,10.0,1.0,3934.12,11195.57,4184.64,23324.94,4141.88,4243.1,0.0,3600.0,8076,8076,1,0,505727,16,50,1,16,Jindrichuv Hradec,south Bohemia,93931,74,21,10,1,8,56.9,8427,1.12,1.54,107,1874.0,1913,1894.0,1.0
7233,10963,1996-12-25,115812,36,3217,successful,16,0,1995-05-20,585,124.0,50800.0,14.6,41878.1,-68200.0,51.0,66.0,14709.91,21971.16,13280.08,56646.52,17170.85,16554.99,12640.02,10667.4,13172,13480,1,0,530601,16,47,0,16,Jindrichuv Hradec,south Bohemia,93931,74,21,10,1,8,56.9,8427,1.12,1.54,107,1874.0,1913,1894.0,1.0
5568,2933,1994-05-17,272520,60,4542,successful,10,0,1993-06-18,333,84.0,56700.0,13.3,30009.9,-20800.0,34.0,45.0,13082.59,24196.75,10778.35,44602.64,14316.95,13755.75,12058.91,8028.92,3542,3542,2,0,390902,10,61,0,10,Praha - vychod,central Bohemia,92084,55,29,4,3,5,46.7,10124,0.56,0.54,141,3810.0,4316,4063.0,1.0
6841,9104,1994-08-07,172080,48,3585,successful,10,0,1994-01-21,198,42.0,45518.0,14.6,58224.0,1061.6,25.0,16.0,13061.29,21110.31,11368.77,60743.96,13937.0,10713.96,12399.4,12347.4,10900,11208,1,0,575305,10,43,1,10,Praha - vychod,central Bohemia,92084,55,29,4,3,5,46.7,10124,0.56,0.54,141,3810.0,4316,4063.0,1.0
6157,5650,1995-07-10,98592,24,4108,successful,10,1,1995-01-08,183,26.0,36975.0,68.7,43871.9,0.0,13.0,13.0,11368.52,19656.29,10807.38,54128.57,14073.75,12494.76,8063.32,9120.0,6829,6829,1,0,636224,10,37,1,10,Praha - vychod,central Bohemia,92084,55,29,4,3,5,46.7,10124,0.56,0.54,141,3810.0,4316,4063.0,1.0
5591,3021,1996-12-04,155616,48,3242,successful,10,0,1996-04-20,228,30.0,29176.0,14.6,24447.1,15000.0,16.0,14.0,9167.3,13711.09,9151.15,39426.07,10739.68,9343.17,7368.16,8931.7,3649,3649,1,0,596025,10,41,1,10,Praha - vychod,central Bohemia,92084,55,29,4,3,5,46.7,10124,0.56,0.54,141,3810.0,4316,4063.0,1.0
6998,9833,1994-05-21,97632,12,8136,successful,20,0,1993-07-24,301,65.0,73224.0,14.6,41330.1,-420000.0,20.0,43.0,18894.43,22871.83,15218.43,53379.13,26690.65,25763.21,11825.48,10047.65,11794,12102,1,0,685907,21,32,1,21,Tabor,south Bohemia,103347,87,16,7,1,7,67.0,9104,1.51,2.07,123,2299.0,2354,2326.0,2.0
6545,7606,1995-12-12,191880,60,3198,successful,21,0,1995-03-15,272,87.0,59200.0,14.6,78521.0,-208573.0,35.0,46.0,14349.02,26747.65,12113.76,53685.79,15766.19,16177.4,13203.49,8832.8,9109,9417,1,0,490308,21,51,0,21,Tabor,south Bohemia,103347,87,16,7,1,7,67.0,9104,1.51,2.07,123,2299.0,2354,2326.0,2.0
6501,7418,1996-04-29,30276,12,2523,unsuccessful,21,0,1995-04-07,388,92.0,22708.0,14.6,24930.3,444000.0,58.0,32.0,6757.65,12216.35,5028.05,31318.87,6800.9,4202.68,6411.46,5953.65,8888,9196,1,0,395423,21,61,1,21,Tabor,south Bohemia,103347,87,16,7,1,7,67.0,9104,1.51,2.07,123,2299.0,2354,2326.0,2.0
4961,19,1996-04-29,30276,12,2523,unsuccessful,21,0,1995-04-07,388,80.0,22708.0,14.6,15854.0,181668.0,46.0,32.0,7074.89,15039.25,5856.3,25197.09,7280.99,5264.77,6720.12,6188.03,25,25,1,0,395423,21,61,1,21,Tabor,south Bohemia,103347,87,16,7,1,7,67.0,9104,1.51,2.07,123,2299.0,2354,2326.0,2.0
6580,7769,1994-05-22,196080,48,4085,successful,23,0,1993-10-03,231,47.0,46888.0,14.6,86857.4,-34300.0,20.0,24.0,12892.04,23182.4,10472.5,49143.97,16844.13,14476.62,8527.32,7286.38,9303,9611,1,0,580527,23,42,0,23,Cheb,west Bohemia,87419,21,11,4,3,9,85.5,8624,1.79,2.66,102,2879.0,3198,3038.0,2.0
6729,8519,1994-08-11,74688,12,6224,successful,23,0,1993-04-02,496,112.0,56019.0,14.6,28933.3,-191954.0,49.0,59.0,14678.19,20930.65,11551.5,48484.62,19696.85,13496.95,9174.12,9993.34,10202,10510,2,0,455126,23,55,1,23,Cheb,west Bohemia,87419,21,11,4,3,9,85.5,8624,1.79,2.66,102,2879.0,3198,3038.0,2.0
6316,6473,1994-05-26,76908,12,6409,unsuccessful,12,0,1993-01-26,485,102.0,52200.0,14.6,14888.6,-126000.0,42.0,52.0,13878.46,23250.78,12928.5,52890.4,16557.12,15876.14,11810.12,10566.83,7815,7815,1,0,465119,4,54,1,4,Kladno,central Bohemia,149893,63,29,6,2,6,67.4,9753,4.64,5.05,109,5244.0,5892,5568.0,5.0
5151,960,1995-05-24,189060,60,3151,successful,4,1,1994-11-02,203,30.0,60016.0,100.0,68945.6,-6800.0,14.0,15.0,18365.54,24683.06,17833.45,72242.9,22692.42,21569.61,13881.3,14874.67,1157,1157,1,0,586230,4,42,1,4,Kladno,central Bohemia,149893,63,29,6,2,6,67.4,9753,4.64,5.05,109,5244.0,5892,5568.0,5.0
5938,4650,1996-08-25,402000,60,6700,successful,4,0,1995-10-15,315,54.0,9500.0,14.6,17232.1,11312.0,29.0,25.0,2791.92,7900.83,3029.89,21568.94,2873.07,3118.03,2750.1,2927.64,5606,5606,1,0,800806,4,20,0,4,Kladno,central Bohemia,149893,63,29,6,2,6,67.4,9753,4.64,5.05,109,5244.0,5892,5568.0,5.0
6407,6930,1994-05-26,25944,24,1081,successful,41,0,1993-09-08,260,37.0,36289.5,14.6,69398.9,24193.0,19.0,18.0,11843.28,17426.04,10704.75,56927.45,13227.66,12249.34,10309.41,9074.36,8366,8366,1,0,605521,41,40,1,41,Usti nad Labem,north Bohemia,118650,8,8,5,1,3,85.6,9832,3.32,4.48,114,6445.0,5471,5958.0,3.0
7166,10630,1995-06-24,198240,24,8260,successful,41,0,1995-01-15,160,16.0,19455.0,43.0,44644.2,43818.0,11.0,5.0,6388.87,13022.42,7546.89,30953.14,7305.87,7095.2,4222.69,8540.6,12763,13071,1,0,560218,41,44,0,41,Usti nad Labem,north Bohemia,118650,8,8,5,1,3,85.6,9832,3.32,4.48,114,6445.0,5471,5958.0,3.0
5002,173,1994-05-31,104808,12,8734,successful,66,0,1993-11-26,186,30.0,25970.0,14.6,28015.4,-23400.0,12.0,18.0,7504.3,11517.18,6642.55,38709.83,9987.25,9470.5,4702.81,4757.26,210,210,2,0,391130,66,61,0,66,Zdar nad Sazavou,south Moravia,125832,151,41,2,3,5,48.3,8512,3.51,4.12,102,2247.0,2103,2175.0,4.0
7137,10439,1994-06-03,151560,24,6315,successful,66,0,1993-11-21,194,28.0,56835.0,14.6,21323.2,-31986.0,13.0,11.0,16721.86,22844.01,16935.55,53976.29,21769.49,19058.41,12830.43,15142.11,12535,12843,1,0,530505,66,47,0,66,Zdar nad Sazavou,south Moravia,125832,151,41,2,3,5,48.3,8512,3.51,4.12,102,2247.0,2103,2175.0,4.0
5836,4259,1994-08-27,79632,24,3318,successful,66,0,1994-04-08,141,16.0,66165.0,112.5,89746.5,38064.0,10.0,6.0,23490.91,29061.54,24948.66,63494.2,26215.87,24446.25,20421.4,25786.0,5133,5133,1,0,595810,66,41,1,66,Zdar nad Sazavou,south Moravia,125832,151,41,2,3,5,48.3,8512,3.51,4.12,102,2247.0,2103,2175.0,4.0
5970,4774,1995-07-09,465072,48,9689,successful,66,0,1994-01-14,541,103.0,42880.0,14.6,37152.4,-275400.0,38.0,65.0,9881.9,13613.1,8579.53,27778.75,13125.87,12116.38,6652.73,6511.84,5760,5760,2,0,480508,66,52,0,66,Zdar nad Sazavou,south Moravia,125832,151,41,2,3,5,48.3,8512,3.51,4.12,102,2247.0,2103,2175.0,4.0
6109,5422,1996-06-03,368880,60,6148,successful,66,0,1994-10-22,590,182.0,64500.0,9.7,105712.4,-963.6,58.0,117.0,14792.48,28681.81,11574.08,60030.74,17417.93,19070.65,12089.83,7715.73,6544,6544,2,0,740804,66,26,0,66,Zdar nad Sazavou,south Moravia,125832,151,41,2,3,5,48.3,8512,3.51,4.12,102,2247.0,2103,2175.0,4.0
5918,4576,1994-06-04,300204,36,8339,successful,27,0,1993-06-05,364,71.0,28365.0,14.6,33932.8,-248.2,27.0,44.0,7454.63,11447.55,6578.12,34084.46,10500.67,9277.39,4051.12,4921.75,5517,5517,1,0,640313,57,36,0,57,Hodonin,south Moravia,161954,21,37,20,3,8,48.0,8720,3.73,4.5,116,3729.0,3651,3690.0,4.0
6150,5622,1994-11-02,83016,12,6918,successful,70,0,1993-02-08,632,196.0,64400.0,14.6,93605.6,-905.2,67.0,120.0,14813.17,25921.04,13414.56,67891.94,17276.41,20124.32,12338.21,9983.02,6789,6789,1,0,790326,57,21,0,57,Hodonin,south Moravia,161954,21,37,20,3,8,48.0,8720,3.73,4.5,116,3729.0,3651,3690.0,4.0
6223,5991,1994-11-03,61056,48,1272,successful,1,0,1993-11-21,347,64.0,24372.0,14.6,33539.9,-2410.2,23.0,41.0,6783.26,9064.78,5646.34,36039.05,9219.61,8584.59,4239.12,3998.05,7241,7241,1,0,575906,57,43,1,57,Hodonin,south Moravia,161954,21,37,20,3,8,48.0,8720,3.73,4.5,116,3729.0,3651,3690.0,4.0
6642,8027,1994-06-05,77640,12,6470,successful,44,2,1993-07-07,333,60.0,58227.0,30.0,30825.8,-96000.0,22.0,33.0,15291.83,23174.95,13255.8,55570.3,20932.09,18776.68,9969.76,9481.21,9607,9915,1,0,670710,27,33,0,27,Plzen - jih,west Bohemia,67298,71,19,10,0,7,43.8,8561,0.65,1.29,110,1029.0,1127,1078.0,1.0
5923,4585,1996-10-10,64656,48,1347,successful,27,0,1996-06-08,124,12.0,13609.0,62.9,44749.0,81654.0,9.0,3.0,5800.35,11814.97,6379.07,25896.47,6751.73,6738.77,608.28,5300.0,5526,5526,2,0,470319,27,53,0,27,Plzen - jih,west Bohemia,67298,71,19,10,0,7,43.8,8561,0.65,1.29,110,1029.0,1127,1078.0,1.0
6596,7844,1994-06-25,91584,24,3816,successful,1,0,1993-11-26,211,31.0,47906.0,14.6,49842.9,-83700.0,14.0,12.0,15132.82,18234.74,15002.82,50765.42,19525.38,18390.37,11546.82,12844.1,9394,9702,1,0,516116,33,49,1,33,Decin,north Bohemia,133777,24,17,7,3,11,84.7,8705,5.75,7.61,116,4650.0,4859,4754.0,6.0
5445,2322,1996-06-29,46320,24,1930,successful,33,0,1995-01-02,544,178.0,61600.0,14.6,23552.7,-254200.0,48.0,127.0,13242.48,20752.09,8064.27,43657.81,16696.14,15197.84,10712.96,5319.0,2809,2809,1,0,790214,33,21,0,33,Decin,north Bohemia,133777,24,17,7,3,11,84.7,8705,5.75,7.61,116,4650.0,4859,4754.0,6.0
5837,4260,1994-06-29,244560,60,4076,successful,56,0,1993-10-14,258,42.0,36680.0,14.6,21326.1,-24642.0,18.0,20.0,11057.87,15757.72,10168.95,38426.73,14326.75,12456.16,8180.87,8543.39,5134,5134,1,0,675719,58,33,1,58,Jihlava,south Moravia,109164,98,16,6,1,4,63.6,8757,3.38,3.95,96,2212.0,2471,2342.0,3.0
6836,9093,1994-08-03,189300,60,3155,successful,47,0,1993-06-16,413,102.0,28413.0,14.6,24471.4,-1542.6,42.0,60.0,7367.51,12250.08,5114.5,32354.03,9621.69,6502.75,5123.95,4142.72,10887,11195,1,0,531205,58,47,0,58,Jihlava,south Moravia,109164,98,16,6,1,4,63.6,8757,3.38,3.95,96,2212.0,2471,2342.0,3.0
6043,5126,1996-01-11,20352,48,424,successful,58,0,1995-04-03,283,48.0,12549.0,14.6,21281.5,-12000.0,22.0,26.0,3792.8,9092.65,3609.74,31814.41,4694.18,4421.57,2732.05,2922.81,6185,6185,2,0,485305,58,52,1,58,Jihlava,south Moravia,109164,98,16,6,1,4,63.6,8757,3.38,3.95,96,2212.0,2471,2342.0,3.0
6232,6051,1994-07-08,276660,36,7685,unsuccessful,56,0,1993-08-28,314,58.0,11600.0,9.5,19783.2,9974.0,30.0,28.0,3063.87,6029.34,3499.29,19256.89,3346.65,3712.37,2771.9,3270.99,7311,7311,1,0,490518,56,51,0,56,Breclav,south Moravia,124605,11,42,14,1,8,46.0,8772,4.69,4.98,126,2854.0,3158,3006.0,5.0
5032,290,1994-11-03,123696,48,2577,successful,56,0,1993-12-02,336,61.0,48476.0,14.6,25201.8,-1932.9,22.0,36.0,12421.02,20572.46,8953.22,49084.38,17308.55,12984.85,7556.32,5837.49,352,352,1,0,400827,56,60,0,56,Breclav,south Moravia,124605,11,42,14,1,8,46.0,8772,4.69,4.98,126,2854.0,3158,3006.0,5.0
6888,9265,1994-07-11,39576,12,3298,successful,1,0,1993-02-04,522,115.0,49603.0,14.6,23901.1,-85437.0,53.0,62.0,12121.79,26896.85,8275.28,48944.83,15028.59,9203.38,8982.29,7481.91,11101,11409,1,0,805502,32,20,1,32,Ceska Lipa,north Bohemia,105058,32,19,7,2,10,81.0,9272,2.8,3.22,118,4340.0,4505,4422.0,3.0
5337,1886,1996-07-31,162468,36,4513,successful,32,0,1996-03-05,148,15.0,40614.0,70.9,74638.8,9000.0,10.0,5.0,14926.39,24180.89,15082.59,51279.55,16053.54,15043.88,14139.24,15160.0,2288,2288,2,0,575823,32,43,1,32,Ceska Lipa,north Bohemia,105058,32,19,7,2,10,81.0,9272,2.8,3.22,118,4340.0,4505,4422.0,3.0
5088,544,1996-08-22,91152,24,3798,successful,32,0,1995-05-15,465,77.0,34184.0,14.6,39378.8,-57000.0,31.0,43.0,10326.36,13400.06,9452.94,44829.54,12926.71,12375.09,7734.46,7266.19,655,655,1,2,421210,32,58,0,32,Ceska Lipa,north Bohemia,105058,32,19,7,2,10,81.0,9272,2.8,3.22,118,4340.0,4505,4422.0,3.0
5060,426,1994-07-19,252060,60,4201,unsuccessful,1,0,1993-11-29,232,61.0,49937.0,8.2,70096.5,-125910.0,26.0,29.0,11797.01,21418.91,11625.12,57340.51,12929.51,14985.17,11021.38,8799.59,512,512,1,0,655803,60,35,1,60,Prostejov,south Moravia,110643,49,41,4,1,4,51.9,8441,3.45,4.48,115,1879.0,2252,2066.0,3.0
6594,7824,1994-09-28,189696,24,7904,unsuccessful,60,0,1994-05-17,134,5.0,11500.0,600.0,22500.0,11000.0,5.0,0.0,4623.31,8889.04,4500.0,14900.0,4623.31,4500.0,0.0,0.0,9367,9675,1,0,705219,60,30,1,60,Prostejov,south Moravia,110643,49,41,4,1,4,51.9,8441,3.45,4.48,115,1879.0,2252,2066.0,3.0
5887,4448,1994-10-03,192744,36,5354,successful,60,0,1993-06-02,488,76.0,47700.0,8.8,29033.7,-1491.0,33.0,39.0,10829.95,16917.16,7643.91,37265.66,13233.52,9241.76,8627.14,6237.08,5366,5366,2,0,715920,60,29,1,60,Prostejov,south Moravia,110643,49,41,4,1,4,51.9,8441,3.45,4.48,115,1879.0,2252,2066.0,3.0
5495,2580,1996-08-02,89340,60,1489,successful,60,0,1995-11-09,267,44.0,17313.0,14.6,41537.2,-841.6,20.0,24.0,4918.62,10748.39,4662.47,39644.76,6520.88,6166.78,2548.65,3408.88,3113,3113,2,0,716112,60,29,1,60,Prostejov,south Moravia,110643,49,41,4,1,4,51.9,8441,3.45,4.48,115,1879.0,2252,2066.0,3.0
7013,9928,1996-08-02,89340,60,1489,successful,60,0,1995-11-09,267,44.0,17313.0,14.6,42242.2,-815.2,20.0,24.0,4927.55,10876.87,4646.67,40005.48,6520.65,6167.03,2566.18,3379.71,11912,12220,2,0,716112,60,29,1,60,Prostejov,south Moravia,110643,49,41,4,1,4,51.9,8441,3.45,4.48,115,1879.0,2252,2066.0,3.0
7136,10436,1996-09-28,54396,36,1511,successful,60,0,1996-03-21,191,23.0,11244.0,14.6,36208.8,7500.0,14.0,9.0,3544.91,10625.95,3853.83,30293.71,4242.66,4458.81,1915.86,2912.73,12532,12840,1,0,390727,60,61,0,60,Prostejov,south Moravia,110643,49,41,4,1,4,51.9,8441,3.45,4.48,115,1879.0,2252,2066.0,3.0
6004,4937,1994-07-23,143904,24,5996,successful,12,0,1993-02-20,518,139.0,60500.0,6.7,38336.2,-396000.0,47.0,83.0,12698.68,23416.56,9194.26,49727.46,16026.47,14003.6,9973.25,5998.93,5965,5965,1,0,510410,50,49,0,50,Svitavy,east Bohemia,102609,75,33,2,3,6,52.0,8187,4.83,5.45,94,2123.0,2134,2128.0,5.0
6216,5952,1994-09-30,141240,24,5885,successful,50,0,1993-09-07,388,102.0,52968.0,14.6,45871.6,-235200.0,27.0,70.0,13062.53,19476.29,9343.39,57219.57,19701.04,18498.09,7369.89,5547.64,7195,7195,1,0,620911,50,38,0,50,Svitavy,east Bohemia,102609,75,33,2,3,6,52.0,8187,4.83,5.45,94,2123.0,2134,2128.0,5.0
5900,4503,1996-01-01,135360,48,2820,successful,50,0,1995-01-03,363,77.0,48633.0,14.6,54868.9,-189.8,32.0,37.0,15929.18,30587.6,14958.59,64881.31,18147.59,18854.39,14859.92,12173.82,5433,5433,1,1,750924,50,25,0,50,Svitavy,east Bohemia,102609,75,33,2,3,6,52.0,8187,4.83,5.45,94,2123.0,2134,2128.0,5.0
5395,2176,1994-07-30,299088,36,8308,unsuccessful,67,0,1993-06-06,419,126.0,59400.0,14.6,19448.5,-482732.0,46.0,72.0,14604.93,33855.7,12746.59,51992.85,16697.65,17668.68,13073.75,9793.06,2635,2635,1,0,666210,67,34,1,67,Bruntal,north Moravia,106054,38,25,6,2,6,63.1,8110,5.77,6.55,109,3244.0,3079,3162.0,6.0
7308,11362,1996-12-27,129408,24,5392,successful,67,0,1995-10-14,440,107.0,24212.0,14.6,24199.5,-234220.0,29.0,78.0,6256.78,11709.14,4550.3,30869.78,9224.07,8811.76,3683.66,2965.92,13663,13971,1,0,626019,67,38,1,67,Bruntal,north Moravia,106054,38,25,6,2,6,63.1,8110,5.77,6.55,109,3244.0,3079,3162.0,6.0
5595,3050,1994-09-02,82896,12,6908,successful,60,0,1993-05-08,482,126.0,62168.0,14.6,64286.0,-846.8,34.0,83.0,15166.45,24685.92,10765.98,57141.73,23236.61,20655.87,8633.78,6799.96,3687,3687,2,2,720206,49,28,0,49,Semily,east Bohemia,75685,31,28,5,1,9,60.8,8208,1.89,2.26,155,1660.0,2123,1892.0,2.0
6474,7190,1995-06-06,63360,60,1056,successful,49,0,1993-09-06,638,119.0,12138.0,14.6,25649.6,-2265.9,49.0,70.0,3298.49,6107.71,3181.77,29108.36,4198.69,4125.16,2295.27,2521.39,8677,8677,2,0,550814,49,45,0,49,Semily,east Bohemia,75685,31,28,5,1,9,60.8,8208,1.89,2.26,155,1660.0,2123,1892.0,2.0
6895,9307,1994-09-19,41904,12,3492,successful,68,0,1993-01-24,603,143.0,51700.0,0.8,39204.7,-59500.0,63.0,76.0,11103.84,20303.82,6720.9,36080.39,14136.5,7938.84,7659.41,5228.34,11153,11461,1,0,740708,70,26,0,70,Karvina,north Moravia,285387,0,2,8,5,7,89.9,10177,6.63,7.75,81,9878.0,10108,9993.0,7.0
6306,6425,1994-12-20,36684,12,3057,successful,31,0,1993-03-29,631,125.0,24480.0,8.3,35093.0,-142500.0,50.0,75.0,5139.13,7937.35,4768.64,30229.8,6588.55,6311.74,3581.97,3739.91,7753,7753,1,0,785923,70,22,1,70,Karvina,north Moravia,285387,0,2,8,5,7,89.9,10177,6.63,7.75,81,9878.0,10108,9993.0,7.0
6694,8316,1995-03-19,134784,24,5616,successful,70,0,1994-06-04,288,55.0,58800.0,12.2,16218.7,24500.0,30.0,23.0,13721.58,25288.2,9329.63,44005.11,14458.35,8822.48,13505.36,9451.63,9961,10269,1,0,405511,70,60,1,70,Karvina,north Moravia,285387,0,2,8,5,7,89.9,10177,6.63,7.75,81,9878.0,10108,9993.0,7.0
7263,11138,1996-01-19,89880,24,3745,successful,70,2,1995-08-18,154,29.0,47100.0,26.2,39079.5,-36900.0,13.0,16.0,16039.79,27471.98,13517.22,62571.28,19986.38,16579.96,12080.86,11028.75,13382,13690,1,0,630516,70,37,0,70,Karvina,north Moravia,285387,0,2,8,5,7,89.9,10177,6.63,7.75,81,9878.0,10108,9993.0,7.0
6816,9017,1996-03-26,100224,48,2088,unsuccessful,70,0,1995-11-22,125,18.0,18792.0,26.5,31387.1,181200.0,15.0,3.0,6475.81,9838.65,4932.62,28124.93,6489.55,4005.81,4796.18,9566.67,10797,11105,1,0,575201,70,43,1,70,Karvina,north Moravia,285387,0,2,8,5,7,89.9,10177,6.63,7.75,81,9878.0,10108,9993.0,7.0
5452,2352,1996-04-29,49440,60,824,successful,70,0,1995-01-21,464,110.0,30378.0,4.0,45021.6,-384000.0,31.0,79.0,7938.26,12804.46,5547.67,47798.87,11129.8,10568.8,5144.46,3577.35,2843,2843,1,0,666006,70,34,1,70,Karvina,north Moravia,285387,0,2,8,5,7,89.9,10177,6.63,7.75,81,9878.0,10108,9993.0,7.0
6190,5794,1996-05-06,123600,60,2060,successful,70,0,1995-07-14,297,49.0,47109.0,14.6,15520.2,-504.0,20.0,27.0,12795.3,23277.87,9121.31,39514.68,15808.92,11561.24,9629.54,6322.3,7010,7010,2,0,670630,70,33,0,70,Karvina,north Moravia,285387,0,2,8,5,7,89.9,10177,6.63,7.75,81,9878.0,10108,9993.0,7.0
6921,9422,1996-10-29,86184,12,7182,successful,70,0,1996-03-06,237,42.0,64642.0,14.6,43157.5,-183460.0,16.0,22.0,18334.09,24799.97,16523.6,59935.27,24068.09,23035.91,13293.04,11121.49,11288,11596,1,0,406204,70,60,1,70,Karvina,north Moravia,285387,0,2,8,5,7,89.9,10177,6.63,7.75,81,9878.0,10108,9993.0,7.0
5366,2062,1996-10-29,86184,12,7182,successful,70,0,1996-03-06,237,42.0,64642.0,14.6,39660.8,-183460.0,16.0,22.0,18288.11,25642.08,16607.01,60273.68,24067.88,23036.11,13236.72,11280.58,2501,2501,1,0,406204,70,60,1,70,Karvina,north Moravia,285387,0,2,8,5,7,89.9,10177,6.63,7.75,81,9878.0,10108,9993.0,7.0
6805,8972,1996-12-21,45024,48,938,successful,70,0,1996-05-21,214,39.0,31636.5,14.6,38384.3,17800.0,20.0,19.0,10082.31,13151.51,7779.82,41994.91,12066.49,8544.93,7718.59,6974.43,10742,11050,1,0,575504,70,43,1,70,Karvina,north Moravia,285387,0,2,8,5,7,89.9,10177,6.63,7.75,81,9878.0,10108,9993.0,7.0
6297,6363,1994-10-25,17508,12,1459,successful,74,0,1993-08-01,450,72.0,17580.0,14.6,48027.0,-7200.0,31.0,41.0,5339.7,9324.21,4842.77,39290.62,6315.62,6398.49,4171.35,3666.49,7683,7683,1,0,460401,12,54,0,12,Pribram,central Bohemia,107870,84,29,6,1,6,58.0,8754,3.83,4.31,137,3804.0,3868,3836.0,4.0
6461,7136,1996-09-19,74124,36,2059,successful,12,2,1995-04-09,529,122.0,49816.0,30.0,25658.0,-47520.0,39.0,83.0,13173.53,30062.39,9023.63,54371.3,16611.23,14442.83,10376.8,6477.25,8615,8615,1,0,395413,12,61,1,12,Pribram,central Bohemia,107870,84,29,6,1,6,58.0,8754,3.83,4.31,137,3804.0,3868,3836.0,4.0
7271,11186,1996-10-02,392460,60,6541,successful,12,0,1994-11-24,678,143.0,58870.0,14.6,53245.1,-744.6,46.0,88.0,15051.1,20293.36,12882.52,57131.74,22143.41,20602.67,8019.53,8816.4,13442,13750,2,0,806113,12,20,1,12,Pribram,central Bohemia,107870,84,29,6,1,6,58.0,8754,3.83,4.31,137,3804.0,3868,3836.0,4.0
5161,1012,1994-10-28,98184,24,4091,successful,65,0,1994-07-09,111,14.0,24545.0,74.1,68956.1,196360.0,11.0,3.0,11275.94,19672.65,9311.16,41660.39,12277.68,9059.65,8433.47,10233.33,1216,1216,1,0,455612,65,55,1,65,Znojmo,south Moravia,114200,101,41,4,1,4,43.7,8403,5.74,5.72,105,2157.0,2718,2438.0,6.0
5208,1247,1995-03-16,99696,48,2077,unsuccessful,25,0,1993-06-08,646,108.0,55900.0,0.4,32966.8,-36000.0,45.0,55.0,14212.58,28762.21,11716.78,46341.29,16356.54,14426.44,12652.63,8723.19,1505,1505,1,0,715625,65,29,1,65,Znojmo,south Moravia,114200,101,41,4,1,4,43.7,8403,5.74,5.72,105,2157.0,2718,2438.0,6.0
6955,9627,1995-11-22,244368,48,5091,successful,65,1,1994-07-22,488,144.0,57200.0,100.0,86194.1,-91200.0,64.0,76.0,16593.04,25561.83,17859.13,75924.24,16500.5,20764.91,16621.2,15901.32,11543,11851,1,0,700402,65,30,0,65,Znojmo,south Moravia,114200,101,41,4,1,4,43.7,8403,5.74,5.72,105,2157.0,2718,2438.0,6.0
7213,10884,1996-02-13,113544,36,3154,successful,65,0,1995-02-20,358,71.0,28386.0,14.6,13386.8,-83752.0,26.0,43.0,7711.09,12325.83,6453.48,33990.42,10416.59,9068.93,4878.45,4689.31,13072,13380,1,0,420918,65,58,0,65,Znojmo,south Moravia,114200,101,41,4,1,4,43.7,8403,5.74,5.72,105,2157.0,2718,2438.0,6.0
5470,2456,1996-04-15,200976,48,4187,successful,65,0,1995-09-09,219,35.0,37686.0,14.6,47431.4,-25124.0,17.0,17.0,10897.92,18916.94,11032.89,47938.07,13865.61,12752.43,7345.91,9459.16,2966,2966,1,0,550220,65,45,0,65,Znojmo,south Moravia,114200,101,41,4,1,4,43.7,8403,5.74,5.72,105,2157.0,2718,2438.0,6.0
5176,1106,1994-11-12,192552,24,8023,unsuccessful,20,2,1993-08-29,440,51.0,23844.0,10.2,22255.5,110.4,26.0,23.0,6781.37,13015.03,5774.42,23979.01,8280.21,6090.78,4952.85,5086.09,1327,1327,1,0,636231,20,37,1,20,Strakonice,south Bohemia,70646,94,14,3,1,4,58.4,8547,2.65,3.64,120,1563.0,1542,1552.0,3.0
6712,8405,1995-10-14,266220,60,4437,successful,20,0,1994-05-10,522,144.0,33190.0,14.6,38159.6,-197600.0,53.0,91.0,8132.15,11836.45,5581.28,34922.88,11465.41,7942.12,4891.86,4206.29,10074,10382,1,0,655217,20,35,1,20,Strakonice,south Bohemia,70646,94,14,3,1,4,58.4,8547,2.65,3.64,120,1563.0,1542,1552.0,3.0
6013,4995,1996-02-03,128988,36,3583,unsuccessful,20,2,1994-08-01,551,82.0,42530.0,0.1,9710.2,-1142.4,35.0,44.0,9629.13,17311.12,7562.67,34740.7,11910.01,8997.41,6605.07,5534.09,6034,6034,1,0,390815,20,61,0,20,Strakonice,south Bohemia,70646,94,14,3,1,4,58.4,8547,2.65,3.64,120,1563.0,1542,1552.0,3.0
6715,8411,1996-05-06,220620,60,3677,successful,20,0,1994-12-02,521,128.0,33096.0,14.6,26332.6,-2152.0,54.0,73.0,8321.43,14352.08,6331.02,36907.46,11386.39,7748.15,4905.81,5318.05,10081,10389,1,0,435815,20,57,1,20,Strakonice,south Bohemia,70646,94,14,3,1,4,58.4,8547,2.65,3.64,120,1563.0,1542,1552.0,3.0
5861,4337,1994-12-08,51408,24,2142,successful,29,0,1993-11-16,387,64.0,57700.0,14.6,49213.4,-323.6,31.0,31.0,15418.79,27533.49,13410.82,52299.29,16009.25,14636.96,15287.69,11671.51,5224,5224,1,0,490724,29,51,0,29,Rokycany,west Bohemia,45714,52,10,5,1,6,55.6,8843,2.82,3.6,113,818.0,888,853.0,3.0
5418,2245,1995-01-16,347952,48,7249,successful,29,0,1993-03-30,657,120.0,54600.0,14.6,57546.3,-116000.0,50.0,59.0,14008.32,23422.03,13441.43,54157.19,17379.25,16705.18,11285.13,11279.74,2719,2719,1,0,646030,29,36,1,29,Rokycany,west Bohemia,45714,52,10,5,1,6,55.6,8843,2.82,3.6,113,818.0,888,853.0,3.0
6704,8377,1995-06-01,417060,60,6951,successful,29,0,1993-11-20,558,74.0,52700.0,14.6,80621.0,2299.2,41.0,33.0,13221.57,25817.74,10583.99,58445.03,14228.9,10538.95,12070.71,10639.95,10042,10350,2,0,615914,29,39,1,29,Rokycany,west Bohemia,45714,52,10,5,1,6,55.6,8843,2.82,3.6,113,818.0,888,853.0,3.0
5625,3189,1996-12-15,222180,60,3703,unsuccessful,29,0,1995-11-29,382,59.0,52600.0,14.6,59578.8,-20700.0,28.0,30.0,13888.27,26510.56,11725.49,55230.44,15547.01,13417.56,12458.77,10109.59,3855,3855,1,0,390320,29,61,0,29,Rokycany,west Bohemia,45714,52,10,5,1,6,55.6,8843,2.82,3.6,113,818.0,888,853.0,3.0
6598,7857,1995-01-18,68112,12,5676,successful,75,0,1993-08-04,532,147.0,57164.0,14.6,39416.1,-547500.0,37.0,101.0,13854.43,19532.47,9898.48,47220.13,21406.98,20195.84,7332.56,5693.43,9407,9715,1,0,776130,35,23,1,35,Jablonec n. Nisou,north Bohemia,88768,10,18,5,1,7,80.5,8867,1.02,1.21,130,3384.0,3620,3502.0,1.0
5464,2419,1995-01-30,95808,12,7984,successful,24,0,1993-11-27,429,90.0,57700.0,14.6,72500.4,-263730.0,40.0,46.0,15060.07,24705.82,16058.69,59701.79,16865.48,18972.29,13468.56,13774.91,2922,2922,1,0,400907,43,60,0,43,Hradec Kralove,east Bohemia,161854,73,21,6,1,6,76.3,9425,1.72,2.5,125,4085.0,3891,3988.0,2.0
6535,7546,1995-11-02,41952,12,3496,successful,43,0,1994-09-03,425,105.0,31462.0,14.6,24672.8,-627.8,31.0,70.0,8048.95,13263.35,5890.41,41502.03,11448.34,10373.64,4970.68,3724.66,9038,9346,1,0,721210,43,28,0,43,Hradec Kralove,east Bohemia,161854,73,21,6,1,6,76.3,9425,1.72,2.5,125,4085.0,3891,3988.0,2.0
6130,5541,1996-07-18,32640,48,680,successful,43,0,1995-03-24,482,107.0,20700.0,14.6,18800.0,-118900.0,39.0,68.0,3429.33,7545.47,2772.76,25906.41,3911.34,4044.68,2906.43,2043.27,6691,6691,1,0,421015,43,58,0,43,Hradec Kralove,east Bohemia,161854,73,21,6,1,6,76.3,9425,1.72,2.5,125,4085.0,3891,3988.0,2.0
6006,4948,1996-11-15,359760,60,5996,successful,43,0,1995-07-29,475,48.0,51700.0,14.6,39959.4,9420.0,25.0,22.0,11713.68,24143.87,8082.34,32434.69,12461.19,8558.24,10737.31,6809.02,5977,5977,1,0,790531,43,21,0,43,Hradec Kralove,east Bohemia,161854,73,21,6,1,6,76.3,9425,1.72,2.5,125,4085.0,3891,3988.0,2.0
6315,6472,1995-02-06,43164,12,3597,successful,61,0,1994-02-08,363,69.0,57680.0,14.6,31349.9,-15300.0,26.0,40.0,16353.86,22291.65,14188.26,68377.06,21566.3,19429.61,11518.84,10380.42,7814,7814,1,0,765106,61,24,1,61,Trebic,south Moravia,117897,139,28,5,1,6,53.8,8814,4.76,5.74,107,2112.0,2059,2086.0,5.0
6151,5628,1995-04-25,225420,60,3757,successful,61,0,1994-06-17,312,51.0,20727.0,14.6,32403.4,-47600.0,22.0,29.0,5689.87,9614.36,5452.34,31185.16,7273.71,7056.2,3818.02,4235.62,6798,6798,1,0,485803,61,52,1,61,Trebic,south Moravia,117897,139,28,5,1,6,53.8,8814,4.76,5.74,107,2112.0,2059,2086.0,5.0
6965,9656,1995-06-13,139536,24,5814,successful,61,0,1993-11-14,576,165.0,53200.0,12.2,36472.9,-229400.0,67.0,87.0,14738.94,30644.16,14454.31,63889.87,16553.12,18070.41,13540.24,11909.26,11578,11886,1,0,415913,61,59,1,61,Trebic,south Moravia,117897,139,28,5,1,6,53.8,8814,4.76,5.74,107,2112.0,2059,2086.0,5.0
7305,11359,1996-08-06,54024,12,4502,successful,61,0,1994-10-01,675,147.0,40521.0,14.6,25682.6,-832.2,45.0,101.0,10938.35,15469.99,8708.72,36480.19,15248.89,14509.61,7088.2,6094.92,13660,13968,1,2,680413,61,32,0,61,Trebic,south Moravia,117897,139,28,5,1,6,53.8,8814,4.76,5.74,107,2112.0,2059,2086.0,5.0
6294,6353,1995-02-12,79920,60,1332,successful,26,0,1993-11-26,443,95.0,36634.5,14.6,31271.6,-221408.0,29.0,66.0,10115.94,11483.01,7707.41,43846.98,14096.08,13163.37,6578.61,5310.09,7672,7672,1,0,530405,26,47,0,26,Plzen - mesto,west Bohemia,170449,0,0,0,1,1,100.0,10787,2.64,3.09,131,6041.0,6261,6151.0,3.0
6676,8159,1995-06-13,29784,24,1241,successful,26,0,1995-02-08,125,12.0,17241.0,59.4,37920.3,67800.0,9.0,3.0,5953.52,13131.98,6943.35,27626.08,6669.97,6735.58,4026.58,7566.67,9768,10076,2,0,696225,26,31,1,26,Plzen - mesto,west Bohemia,170449,0,0,0,1,1,100.0,10787,2.64,3.09,131,6041.0,6261,6151.0,3.0
5350,1967,1996-04-21,249312,48,5194,successful,26,2,1995-02-13,433,60.0,47112.0,30.0,55426.5,0.0,30.0,30.0,12147.35,23021.04,9995.91,35914.85,15410.9,10919.69,7806.61,9072.13,2392,2392,1,0,550521,26,45,0,26,Plzen - mesto,west Bohemia,170449,0,0,0,1,1,100.0,10787,2.64,3.09,131,6041.0,6261,6151.0,3.0
6227,6030,1995-03-04,28248,24,1177,successful,47,0,1993-08-24,557,94.0,30055.5,14.6,33743.7,-3245.4,38.0,56.0,9581.89,11726.62,8111.68,45582.45,11121.58,10476.67,8096.34,6506.86,7286,7286,1,0,705210,47,30,1,47,Pardubice,east Bohemia,162580,83,26,5,1,6,72.8,9538,1.51,1.81,111,6079.0,5410,5744.0,2.0
6996,9828,1995-04-13,126600,24,5275,successful,11,0,1993-05-20,693,132.0,47472.0,14.6,48720.6,-840000.0,46.0,74.0,13027.08,17179.81,11683.99,47118.99,17819.15,17293.56,8545.53,8519.77,11787,12095,1,0,390227,47,61,0,47,Pardubice,east Bohemia,162580,83,26,5,1,6,72.8,9538,1.51,1.81,111,6079.0,5410,5744.0,2.0
5989,4852,1996-03-04,213300,36,5925,successful,47,0,1995-04-13,326,59.0,13600.0,14.6,27326.7,-73.0,27.0,32.0,3417.38,7864.5,3730.2,27951.91,4287.4,4581.64,2295.42,3011.8,5860,5860,1,0,640422,47,36,0,47,Pardubice,east Bohemia,162580,83,26,5,1,6,72.8,9538,1.51,1.81,111,6079.0,5410,5744.0,2.0
6732,8533,1996-09-19,174048,48,3626,successful,47,0,1995-10-10,345,69.0,49461.0,14.6,54140.4,75600.0,38.0,31.0,15365.64,23455.93,13503.13,72968.38,15882.08,12971.79,14942.35,14154.44,10220,10528,1,0,525216,47,48,1,47,Pardubice,east Bohemia,162580,83,26,5,1,6,72.8,9538,1.51,1.81,111,6079.0,5410,5744.0,2.0
7004,9869,1995-03-15,331560,60,5526,successful,12,0,1993-08-21,571,119.0,33276.0,14.6,47992.1,-483600.0,40.0,79.0,8600.08,11038.41,7321.52,36942.0,12316.99,11490.66,4754.92,5210.56,11836,12144,2,0,801123,2,20,0,2,Benesov,central Bohemia,88884,80,26,6,2,5,46.7,8507,1.67,1.85,132,2159.0,2674,2416.0,2.0
5959,4727,1995-08-11,107640,24,4485,successful,2,0,1995-02-13,179,23.0,53613.0,14.6,65325.4,35742.0,12.0,11.0,17646.24,22727.67,17488.55,50214.5,20687.87,19481.76,14293.45,15314.15,5701,5701,1,0,596122,2,41,1,2,Benesov,central Bohemia,88884,80,26,6,2,5,46.7,8507,1.67,1.85,132,2159.0,2674,2416.0,2.0
6726,8492,1995-09-03,85860,60,1431,successful,2,0,1994-06-29,431,96.0,16713.0,5.0,39220.2,-312.2,47.0,49.0,4267.5,7824.87,3377.43,30461.4,5516.51,3868.09,2533.38,2906.8,10171,10479,1,0,556020,2,45,1,2,Benesov,central Bohemia,88884,80,26,6,2,5,46.7,8507,1.67,1.85,132,2159.0,2674,2416.0,2.0
6169,5700,1995-03-16,103680,60,1728,unsuccessful,42,0,1993-07-20,604,109.0,14422.5,14.6,36427.6,-201915.0,44.0,65.0,4349.6,9371.39,3896.38,28250.11,5092.98,5169.7,3553.76,3034.45,6895,6895,1,0,710624,42,29,0,42,Havlickuv Brod,east Bohemia,95907,87,25,5,2,7,59.1,8388,2.41,2.94,87,1658.0,1668,1663.0,2.0
5999,4907,1996-01-03,98832,48,2059,successful,42,0,1994-02-06,696,177.0,23282.0,14.6,27169.8,-1124.2,50.0,127.0,5958.47,12078.55,4382.09,31814.27,8518.19,8028.01,3744.71,2946.7,5928,5928,1,0,705910,42,30,1,42,Havlickuv Brod,east Bohemia,95907,87,25,5,2,7,59.1,8388,2.41,2.94,87,1658.0,1668,1663.0,2.0
5414,2228,1995-03-29,185952,48,3874,successful,34,0,1994-03-19,375,34.0,57400.0,68.7,82385.2,210552.0,20.0,14.0,15880.15,31588.38,12283.39,50113.19,16935.1,12500.5,14859.5,11973.21,2700,2700,1,0,450222,34,55,0,34,Chomutov,north Bohemia,125236,28,11,1,4,5,87.7,9675,6.43,7.68,100,5323.0,5190,5256.0,6.0
6600,7861,1995-10-08,21852,36,607,successful,34,0,1995-04-22,169,18.0,27736.5,14.6,42899.4,156.0,12.0,6.0,9622.09,15001.86,9232.25,38509.05,10570.56,8711.66,8186.33,10273.43,9413,9721,1,0,541205,34,46,0,34,Chomutov,north Bohemia,125236,28,11,1,4,5,87.7,9675,6.43,7.68,100,5323.0,5190,5256.0,6.0
5453,2361,1995-04-01,156672,36,4352,successful,28,0,1994-02-25,400,75.0,10380.0,11.2,23271.5,-14.6,37.0,38.0,2959.28,6686.15,3313.36,22927.5,3551.69,3672.62,2233.02,2963.56,2853,2853,1,0,565425,28,44,1,28,Plzen - sever,west Bohemia,72541,66,26,10,0,8,36.9,8594,1.62,2.01,112,1580.0,1525,1552.0,2.0
5310,1762,1995-04-28,248148,36,6893,successful,28,0,1993-12-11,503,120.0,28960.0,14.6,41108.6,-280600.0,37.0,83.0,7163.26,10761.58,5453.36,36063.79,9879.25,9398.82,4632.68,3694.55,2136,2136,1,0,405724,28,60,1,28,Plzen - sever,west Bohemia,72541,66,26,10,0,8,36.9,8594,1.62,2.01,112,1580.0,1525,1552.0,2.0
5311,1766,1996-06-15,30060,60,501,successful,28,0,1994-09-03,651,186.0,29412.0,14.6,48523.3,-2823552.0,45.0,141.0,7343.07,11270.5,4858.98,37213.41,11022.24,10581.04,4380.27,3032.79,2141,2141,1,2,510906,28,49,0,28,Plzen - sever,west Bohemia,72541,66,26,10,0,8,36.9,8594,1.62,2.01,112,1580.0,1525,1552.0,2.0
6929,9472,1995-05-08,36396,12,3033,successful,1,2,1993-07-06,671,158.0,51700.0,30.0,45480.6,-235474.0,56.0,101.0,14169.09,25051.26,11730.84,57977.03,17421.0,16954.94,11153.06,8908.23,11354,11662,1,0,720403,76,28,0,76,Sumperk,north Moravia,127369,31,32,13,2,7,51.2,8369,4.73,5.88,107,3736.0,2807,3272.0,5.0
6725,8489,1995-06-23,265320,36,7370,successful,19,0,1993-09-18,643,148.0,26409.0,14.6,35289.8,-140000.0,64.0,84.0,6730.37,9992.57,5332.35,35566.88,9263.78,6441.23,3662.95,4487.48,10167,10475,2,0,485828,51,52,1,51,Trutnov,east Bohemia,121947,37,28,7,3,11,70.5,8541,2.51,2.97,131,3496.0,3839,3668.0,3.0
5482,2496,1996-01-12,165120,60,2752,successful,51,0,1994-05-21,601,116.0,11210.0,14.6,23825.4,-88000.0,50.0,66.0,3041.28,6878.84,3217.27,24377.37,3911.46,3959.49,2021.4,2654.98,3013,3013,2,0,505318,51,50,1,51,Trutnov,east Bohemia,121947,37,28,7,3,11,70.5,8541,2.51,2.97,131,3496.0,3839,3668.0,3.0
5693,3489,1995-08-01,44088,24,1837,successful,9,0,1994-12-08,236,32.0,24304.5,14.6,44383.2,360.2,17.0,15.0,7524.39,11906.81,6617.94,36548.82,8712.75,7533.61,6036.26,5580.19,4217,4217,1,0,515625,9,49,1,9,Nymburk,central Bohemia,81344,61,23,4,2,6,55.3,8899,3.39,3.97,149,2987.0,2487,2737.0,3.0
5922,4580,1995-08-05,20220,12,1685,successful,9,0,1994-08-27,343,51.0,49397.0,14.6,31303.3,-73.0,23.0,28.0,12645.75,25420.73,9715.85,41077.64,14715.9,11452.43,10724.06,8289.38,5521,5521,1,0,735515,9,27,1,9,Nymburk,central Bohemia,81344,61,23,4,2,6,55.3,8899,3.39,3.97,149,2987.0,2487,2737.0,3.0
6644,8039,1996-10-20,93600,24,3900,successful,9,0,1995-12-17,308,55.0,45287.0,14.6,26235.8,-42003.0,21.0,34.0,12488.54,21469.63,7856.41,40078.71,15825.99,10912.82,9685.14,5968.63,9622,9930,1,0,720623,9,28,0,9,Nymburk,central Bohemia,81344,61,23,4,2,6,55.3,8899,3.39,3.97,149,2987.0,2487,2737.0,3.0
5237,1375,1995-08-29,45336,24,1889,successful,19,0,1994-04-27,489,90.0,30436.0,14.6,39839.5,-26400.0,33.0,57.0,8452.88,11574.1,7594.23,48152.95,11427.29,10959.4,5329.23,5645.98,1663,1663,1,0,570429,19,43,0,19,Prachatice,south Bohemia,51428,50,11,3,1,4,52.7,8402,3.13,3.98,120,999.0,1099,1049.0,3.0
5409,2218,1995-11-18,182040,60,3034,successful,19,0,1994-11-21,362,59.0,61557.0,14.6,38747.5,-33000.0,24.0,33.0,19380.08,21927.68,17539.8,67475.9,23232.71,22366.58,16162.52,14351.58,2686,2686,2,0,515324,19,49,1,19,Prachatice,south Bohemia,51428,50,11,3,1,4,52.7,8402,3.13,3.98,120,999.0,1099,1049.0,3.0
6589,7815,1996-01-01,189696,24,7904,successful,19,2,1995-04-09,267,89.0,57600.0,30.0,88632.1,-870.0,30.0,56.0,15277.75,23400.63,11582.99,54137.11,17219.25,18658.64,13147.74,7796.29,9355,9663,2,0,450924,19,55,0,19,Prachatice,south Bohemia,51428,50,11,3,1,4,52.7,8402,3.13,3.98,120,999.0,1099,1049.0,3.0
5329,1862,1996-10-16,396120,60,6602,successful,19,2,1995-04-15,550,95.0,59415.0,30.0,88610.1,-911030.0,36.0,53.0,17115.75,20275.14,15418.11,58855.28,22277.49,21574.04,12240.91,11488.49,2259,2259,1,0,505102,19,50,1,19,Prachatice,south Bohemia,51428,50,11,3,1,4,52.7,8402,3.13,3.98,120,999.0,1099,1049.0,3.0
5750,3804,1996-02-08,63252,12,5271,successful,7,0,1994-04-07,672,164.0,47436.0,14.6,49709.2,-2150432.0,48.0,108.0,12193.79,18482.3,9457.76,49291.82,17666.31,16674.81,7057.49,6036.86,4584,4584,1,0,495624,7,51,1,7,Melnik,central Bohemia,94725,38,28,1,3,6,63.4,9920,2.26,2.87,130,4289.0,4846,4568.0,2.0
7189,10728,1996-03-21,154656,48,3222,successful,71,0,1994-12-23,454,89.0,28994.0,14.6,37180.5,-112500.0,32.0,53.0,7561.85,10868.94,6653.9,31791.33,10547.19,9834.02,4177.35,4664.45,12882,13190,1,0,561128,71,44,0,71,Novy Jicin,north Moravia,161227,5,35,11,4,10,69.7,8678,5.93,5.57,102,4980.0,4595,4788.0,6.0
5128,808,1996-04-11,215616,48,4492,unsuccessful,69,0,1995-06-13,303,61.0,23130.0,6.8,8640.6,-3400.0,30.0,31.0,6437.55,13056.99,5273.67,21447.62,7807.65,5505.58,4883.74,5049.25,968,968,1,0,570217,69,43,0,69,Jesenik,north Moravia,42821,4,13,5,1,3,48.4,8173,2.7249999999999996,7.01,124,1163.5,1358,1261.0,3.0
5282,1583,1996-08-24,388512,48,8094,unsuccessful,69,1,1994-11-17,646,120.0,44700.0,2.4,38697.3,-423600.0,54.0,58.0,9421.67,21196.68,7319.42,21371.32,10430.75,8491.0,8854.42,6083.41,1917,1917,1,0,695313,69,31,1,69,Jesenik,north Moravia,42821,4,13,5,1,3,48.4,8173,2.7249999999999996,7.01,124,1163.5,1358,1261.0,3.0
6613,7926,1996-09-22,84120,24,3505,successful,69,2,1996-06-09,105,19.0,47952.0,30.0,63952.9,92120.0,12.0,7.0,14989.98,24271.62,14769.1,56910.69,15616.69,14356.91,15035.33,15475.71,9490,9798,1,0,505302,69,50,1,69,Jesenik,north Moravia,42821,4,13,5,1,3,48.4,8173,2.7249999999999996,7.01,124,1163.5,1358,1261.0,3.0
5892,4462,1996-05-14,66480,24,2770,unsuccessful,73,2,1995-12-27,139,10.0,49631.0,20.0,34891.2,826.0,7.0,3.0,16439.27,21490.63,13609.12,34798.28,19032.69,12213.03,10327.31,16866.67,5384,5384,1,0,350721,73,65,0,73,Opava,north Moravia,182027,17,49,12,2,7,56.4,8746,3.33,3.74,90,4355.0,4433,4394.0,3.0
5415,2236,1996-09-26,139464,36,3874,unsuccessful,73,0,1995-08-27,396,31.0,36854.0,20.2,65062.8,63875.0,19.0,12.0,11582.13,12989.78,8131.07,31532.75,13706.23,7729.64,7597.65,8766.67,2708,2708,1,0,580812,73,42,0,73,Opava,north Moravia,182027,17,49,12,2,7,56.4,8746,3.33,3.74,90,4355.0,4433,4394.0,3.0
5148,940,1996-05-29,284280,60,4738,successful,37,0,1994-11-15,561,94.0,56800.0,14.6,94617.3,-101200.0,36.0,54.0,16760.5,20167.8,14790.5,64182.64,21265.05,20623.95,12467.53,11285.0,1133,1133,2,0,585915,37,42,1,37,Litomerice,north Bohemia,114006,71,26,6,2,9,62.3,9065,4.46,5.39,123,4147.0,4166,4156.0,4.0
6667,8127,1996-07-15,155880,24,6495,successful,37,0,1994-10-13,641,142.0,60700.0,14.6,44564.6,-332200.0,51.0,83.0,13730.39,26666.15,12237.18,63263.15,17539.8,17472.99,10386.85,9333.9,9732,10040,2,0,686030,37,32,1,37,Litomerice,north Bohemia,114006,71,26,6,2,9,62.3,9065,4.46,5.39,123,4147.0,4166,4156.0,4.0
5741,3754,1996-11-03,68544,24,2856,successful,37,2,1996-02-19,258,54.0,44342.0,30.0,23759.8,-2786.0,17.0,32.0,12206.14,20196.07,8948.18,44948.63,16403.35,14909.76,8638.16,5163.62,4529,4529,2,0,760916,37,24,0,37,Litomerice,north Bohemia,114006,71,26,6,2,9,62.3,9065,4.46,5.39,123,4147.0,4166,4156.0,4.0
7036,10019,1996-09-25,194940,36,5415,successful,8,0,1995-06-15,468,91.0,58700.0,1.3,34212.3,-70500.0,38.0,52.0,14653.07,35314.53,12668.32,56669.79,16478.1,15618.81,12938.79,10303.37,12017,12325,1,0,641030,8,36,0,8,Mlada Boleslav,central Bohemia,112065,95,19,7,1,8,69.4,11277,1.25,1.44,127,5179.0,4987,5083.0,1.0
6015,5001,1996-11-09,110112,24,4588,successful,53,0,1995-12-15,330,82.0,52500.0,14.6,106858.1,-230400.0,37.0,41.0,14889.77,28391.57,17234.72,76232.7,16491.16,20541.96,13393.81,14384.25,6042,6042,1,0,631012,53,37,0,53,Blansko,south Moravia,107911,88,33,6,2,7,50.9,8240,2.53,3.56,99,1850.0,1903,1876.0,3.0
